Time:,time (sec),Altitude:,Raw Altitude:,Groundspeed:,Raw Groundspeed:,Dist. to Waypoint,Latitude:,Longitude:,Notes
19-04-06 15:06:17,0,-3,-3.96653556,0,0.244249008,285,34.1756633,-118.4820833,
19-04-06 15:06:17,0,-3,-3.96653556,0,0.244249008,285,34.1756633,-118.4820833,
19-04-06 15:06:18,1,-3,-3.96653556,0,0.244249008,285,34.1756633,-118.4820833,
19-04-06 15:06:18,1,-3,-3.96653556,0,0.244249008,285,34.1756633,-118.4820833,
19-04-06 15:06:18,1,-6,-6.33858288,0,0.720843158,285,34.1756621,-118.4820832,
19-04-06 15:06:18,1,-6,-6.33858288,0,0.720843158,285,34.1756621,-118.4820832,
19-04-06 15:06:18,1,-6,-6.33858288,0,0.720843158,285,34.1756621,-118.4820832,
19-04-06 15:06:19,2,-6,-6.33858288,0,0.720843158,285,34.1756621,-118.4820832,
19-04-06 15:06:19,2,-6,-6.33858288,0,0.720843158,285,34.1756621,-118.4820832,
19-04-06 15:06:19,2,-6,-6.33858288,5,5.804162824,285,34.1756621,-118.4820832,
19-04-06 15:06:19,2,-6,-6.33858288,5,5.804162824,285,34.1756621,-118.4820832,
19-04-06 15:06:20,3,-6,-6.33858288,5,5.804162824,285,34.1756621,-118.4820832,
19-04-06 15:06:20,3,-6,-6.33858288,5,5.804162824,285,34.1756621,-118.4820832,
19-04-06 15:06:20,3,-7,-7.45078764,9,9.811035918,274,34.1756292,-118.4820607,
19-04-06 15:06:20,3,-6,-6.76509208,9,9.811035918,272,34.1756236,-118.482057,
19-04-06 15:06:20,3,-6,-6.82086636,12,12.27149305,268,34.1756121,-118.4820479,
19-04-06 15:06:21,4,-7,-7.23097136,12,12.27149305,266,34.1756061,-118.4820428,
19-04-06 15:06:21,4,-7,-7.35892412,12,12.9150973,263,34.1755997,-118.4820374,
19-04-06 15:06:21,4,-7,-7.35892412,13,13.89938278,263,34.1755997,-118.4820374,
19-04-06 15:06:21,4,-6,-6.72900284,13,13.89938278,258,34.1755868,-118.4820242,
19-04-06 15:06:22,5,-8,-8.37926536,15,15.55890755,255,34.1755807,-118.4820167,
19-04-06 15:06:22,5,-8,-8.47112888,15,15.55890755,252,34.1755737,-118.4820092,
19-04-06 15:06:22,5,-8,-8.47112888,15,15.86133621,252,34.1755737,-118.4820092,
19-04-06 15:06:22,5,-8,-8.2677168,17,17.14844458,245,34.1755584,-118.4819937,
19-04-06 15:06:22,5,-8,-8.2677168,17,17.92120866,245,34.1755584,-118.4819937,
19-04-06 15:06:23,6,-8,-8.2677168,17,17.92120866,245,34.1755584,-118.4819937,
19-04-06 15:06:23,6,-11,-11.2532812,19,19.49914234,232,34.1755245,-118.4819617,
19-04-06 15:06:23,6,-11,-11.2532812,19,19.49914234,232,34.1755245,-118.4819617,
19-04-06 15:06:23,6,-10,-10.04921292,20,20.36701572,225,34.1755049,-118.4819456,
19-04-06 15:06:23,6,-10,-10.73490848,21,21.18160317,221,34.1754948,-118.4819374,
19-04-06 15:06:24,7,-10,-10.73490848,21,21.18160317,221,34.1754948,-118.4819374,
19-04-06 15:06:24,7,-11,-11.04986912,22,22.62070026,214,34.175474,-118.4819195,
19-04-06 15:06:24,7,-11,-11.04986912,22,22.62070026,214,34.175474,-118.4819195,
19-04-06 15:06:24,7,-10,-10.1049872,23,23.85805049,202,34.1754426,-118.4818895,
19-04-06 15:06:25,8,-10,-10.1049872,23,23.85805049,202,34.1754426,-118.4818895,
19-04-06 15:06:25,8,-9,-9.84252,23,23.91769737,194,34.1754222,-118.4818671,
19-04-06 15:06:25,8,-9,-9.84252,23,23.91769737,194,34.1754222,-118.4818671,
19-04-06 15:06:25,8,-7,-7.89698188,24,24.71198483,186,34.1754021,-118.4818427,
19-04-06 15:06:26,9,-8,-8.88123388,26,26.41507731,181,34.1753917,-118.4818297,
19-04-06 15:06:26,9,-12,-12.17847808,27,27.01234403,177,34.1753811,-118.4818165,
19-04-06 15:06:26,9,-11,-11.32874052,27,27.01234403,168,34.1753587,-118.4817899,
19-04-06 15:06:26,9,-9,-9.62270372,28,28.49648096,163,34.1753474,-118.4817766,
19-04-06 15:06:26,9,-9,-9.62270372,28,28.49648096,163,34.1753474,-118.4817766,
19-04-06 15:06:27,10,-8,-8.89763808,27,27.86471864,159,34.1753358,-118.4817638,
19-04-06 15:06:27,10,-8,-8.89763808,27,27.86471864,159,34.1753358,-118.4817638,
19-04-06 15:06:27,10,-8,-8.52690316,28,28.47329929,155,34.1753242,-118.481751,
19-04-06 15:06:27,10,-7,-7.17519708,28,28.50708777,148,34.1753005,-118.4817263,
19-04-06 15:06:28,11,-6,-6.86023644,27,27.99372437,145,34.1752884,-118.4817151,
19-04-06 15:06:28,11,-5,-5.24606316,27,27.93274929,142,34.1752753,-118.4817052,
19-04-06 15:06:28,11,-3,-3.77952768,27,27.85041353,138,34.1752493,-118.4816859,
19-04-06 15:06:28,11,-3,-3.1332022,28,28.21932405,136,34.1752357,-118.4816768,
19-04-06 15:06:28,11,-2,-2.91010508,28,28.21932405,134,34.1752215,-118.4816678,
19-04-06 15:06:29,12,-2,-2.91010508,29,29.19845161,134,34.1752215,-118.4816678,
19-04-06 15:06:29,12,-1,-1.38779532,38,38.43939021,131,34.1751795,-118.4816385,
19-04-06 15:06:29,12,-1,-1.38779532,38,38.43939021,131,34.1751795,-118.4816385,
19-04-06 15:06:29,12,-1,-1.38779532,38,38.43939021,131,34.1751795,-118.4816385,
19-04-06 15:06:29,12,0,-0.75787404,37,37.43823865,129,34.1751516,-118.4816175,
19-04-06 15:06:30,13,0,-0.75787404,34,34.02481976,129,34.1751516,-118.4816175,
19-04-06 15:06:30,13,0,-0.83333336,32,32.55007565,129,34.1751376,-118.4816062,
19-04-06 15:06:30,13,0,0.82349084,31,31.88419945,128,34.1750961,-118.4815703,
19-04-06 15:06:30,13,0,0.82349084,31,31.88419945,128,34.1750961,-118.4815703,
19-04-06 15:06:31,14,0,-0.94488192,31,31.94839725,129,34.1750552,-118.4815303,
19-04-06 15:06:31,14,0,-0.94488192,31,31.94839725,129,34.1750552,-118.4815303,
19-04-06 15:06:31,14,0,0.20997376,31,31.98163192,130,34.1750417,-118.4815161,
19-04-06 15:06:31,14,2,2.84448828,31,31.79777114,131,34.1750287,-118.4815019,
19-04-06 15:06:31,14,1,1.37139112,31,31.79777114,133,34.1750034,-118.4814711,
19-04-06 15:06:32,15,2,2.51968512,34,34.27737451,135,34.17499,-118.4814553,
19-04-06 15:06:32,15,3,3.71719172,32,32.80783368,137,34.1749766,-118.4814407,
19-04-06 15:06:32,15,2,2.0669292,32,32.42039722,140,34.1749624,-118.4814267,
19-04-06 15:06:32,15,2,2.0669292,32,32.42039722,140,34.1749624,-118.4814267,
19-04-06 15:06:33,16,4,4.04855656,29,29.01849251,147,34.1749332,-118.4813996,
19-04-06 15:06:33,16,6,6.02362224,29,29.36431523,151,34.1749186,-118.4813866,
19-04-06 15:06:33,16,5,5.7742784,31,31.68640589,159,34.1748885,-118.481361,
19-04-06 15:06:33,16,5,5.7742784,31,31.68640589,159,34.1748885,-118.481361,
19-04-06 15:06:33,16,5,5.51509204,32,32.89575444,168,34.1748589,-118.4813347,
19-04-06 15:06:34,17,5,5.11482956,33,33.04574226,173,34.1748443,-118.4813209,
19-04-06 15:06:34,17,5,5.11482956,33,33.04574226,173,34.1748443,-118.4813209,
19-04-06 15:06:34,17,6,6.2007876,31,31.58493406,182,34.1748151,-118.481292,
19-04-06 15:06:34,17,6,6.2007876,31,31.58493406,182,34.1748151,-118.481292,
19-04-06 15:06:35,18,5,5.2001314,32,32.38610186,192,34.1747866,-118.4812619,
19-04-06 15:06:35,18,5,5.87598444,33,33.49335595,203,34.1747577,-118.4812335,
19-04-06 15:06:35,18,6,6.83070888,33,33.25462448,208,34.1747427,-118.4812197,
19-04-06 15:06:35,18,10,10.1870082,31,31.53321725,214,34.1747281,-118.4812058,
19-04-06 15:06:35,18,11,11.13189012,30,30.52502577,219,34.1747134,-118.4811924,
19-04-06 15:06:36,19,11,11.13189012,30,30.52502577,219,34.1747134,-118.4811924,
19-04-06 15:06:36,19,12,12.1719164,30,30.68331757,230,34.1746854,-118.4811662,
19-04-06 15:06:36,19,13,13.82217892,30,30.69161215,235,34.1746714,-118.4811535,
19-04-06 15:06:36,19,15,15.59055168,30,30.21136453,246,34.1746443,-118.4811279,
19-04-06 15:06:37,20,15,15.59055168,29,29.36718439,246,34.1746443,-118.4811279,
19-04-06 15:06:37,20,16,16.54527612,28,28.73360733,252,34.1746304,-118.4811152,
19-04-06 15:06:37,20,16,16.240158,30,30.37106431,263,34.1746025,-118.4810905,
19-04-06 15:06:37,20,16,16.10236272,30,30.8623474,268,34.1745888,-118.4810791,
19-04-06 15:06:37,20,15,15.62007924,30,30.8623474,274,34.1745759,-118.4810673,
19-04-06 15:06:38,21,15,15.62007924,29,29.40080078,274,34.1745759,-118.4810673,
19-04-06 15:06:38,21,18,18.41863576,29,29.15239803,279,34.1745632,-118.4810558,
19-04-06 15:06:38,21,18,18.41863576,29,29.15239803,279,34.1745632,-118.4810558,
19-04-06 15:06:38,21,20,20.90223164,36,36.51739535,300,34.174513,-118.4810071,
19-04-06 15:06:39,22,20,20.90223164,36,36.51739535,300,34.174513,-118.4810071,
19-04-06 15:06:39,22,18,18.11351764,34,34.16621262,311,34.1744879,-118.4809804,
19-04-06 15:06:39,22,19,19.1601056,34,34.16621262,316,34.174476,-118.4809656,
19-04-06 15:06:39,22,19,19.1601056,32,32.74979033,316,34.174476,-118.4809656,
19-04-06 15:06:39,22,18,18.39238904,33,33.21151201,327,34.1744512,-118.4809355,
19-04-06 15:06:40,23,19,19.26181164,32,32.80695447,333,34.1744386,-118.4809199,
19-04-06 15:06:40,23,18,18.13976436,32,32.13388503,338,34.1744265,-118.4809047,
19-04-06 15:06:40,23,18,18.13976436,32,32.13388503,338,34.1744265,-118.4809047,
19-04-06 15:06:40,23,17,17.90026304,32,32.08226522,350,34.1744018,-118.4808747,
19-04-06 15:06:40,23,17,17.90026304,32,32.08226522,350,34.1744018,-118.4808747,
19-04-06 15:06:41,24,23,23.64829472,27,27.46371547,366,34.1743662,-118.480831,
19-04-06 15:06:41,24,23,23.79593252,26,26.64924692,372,34.1743544,-118.4808169,
19-04-06 15:06:41,24,25,25.86286172,26,26.64924692,377,34.1743431,-118.480802,
19-04-06 15:06:41,24,26,26.21719244,27,27.36137695,388,34.1743224,-118.4807716,
19-04-06 15:06:42,25,26,26.21719244,28,28.01080791,388,34.1743224,-118.4807716,
19-04-06 15:06:42,25,25,25.20669372,29,29.34819538,393,34.1743122,-118.4807557,
19-04-06 15:06:42,25,26,26.7716544,30,30.37557924,398,34.1743024,-118.4807388,
19-04-06 15:06:42,25,25,25.6397646,31,31.37216268,403,34.174293,-118.4807207,
19-04-06 15:06:43,26,24,24.20275668,31,31.37216268,414,34.1742754,-118.4806828,
19-04-06 15:06:43,26,23,23.3595808,31,31.58601038,419,34.1742676,-118.4806627,
19-04-06 15:06:43,26,24,24.02887216,32,32.32321192,424,34.1742598,-118.4806419,
19-04-06 15:06:43,26,25,25.18700868,33,33.08793171,429,34.1742534,-118.4806203,
19-04-06 15:06:43,26,25,25.18700868,34,34.46053755,429,34.1742534,-118.4806203,
19-04-06 15:06:44,27,26,26.51246804,34,34.65118482,434,34.1742472,-118.4805983,
19-04-06 15:06:44,27,32,32.6607622,33,33.97432321,447,34.1742343,-118.4805315,
19-04-06 15:06:44,27,32,32.6607622,32,32.848393,447,34.1742343,-118.4805315,
19-04-06 15:06:44,27,32,32.398295,33,33.79188293,452,34.1742315,-118.4805097,
19-04-06 15:06:44,27,32,32.6607622,34,34.12912946,456,34.1742295,-118.4804863,
19-04-06 15:06:45,28,33,33.4481638,34,34.12912946,459,34.1742292,-118.4804627,
19-04-06 15:06:45,28,32,32.94619528,35,35.70068341,466,34.1742314,-118.4804139,
19-04-06 15:06:45,28,35,35.09842632,35,35.70068341,470,34.174234,-118.4803896,
19-04-06 15:06:45,28,36,36.09908252,35,35.97169213,472,34.1742387,-118.4803643,
19-04-06 15:06:46,29,36,36.09908252,37,37.68106892,472,34.1742387,-118.4803643,
19-04-06 15:06:46,29,35,35.67257332,39,39.48162048,475,34.1742444,-118.4803393,
19-04-06 15:06:46,29,35,35.3182426,39,39.48162048,478,34.1742509,-118.4803137,
19-04-06 15:06:46,29,34,34.9573502,42,42.93534837,483,34.1742663,-118.4802608,
19-04-06 15:06:46,29,34,34.41273076,45,45.43549578,485,34.1742759,-118.4802341,
19-04-06 15:06:47,30,33,33.77296696,45,45.43549578,487,34.1742869,-118.480207,
19-04-06 15:06:47,30,33,33.71719268,48,48.61275198,489,34.1742995,-118.4801802,
19-04-06 15:06:47,30,34,34.29133968,48,48.61275198,490,34.1743134,-118.4801533,
19-04-06 15:06:47,30,35,35.24606412,50,50.64468846,492,34.1743453,-118.4801025,
19-04-06 15:06:48,31,36,36.6469828,52,52.89336371,493,34.1743636,-118.4800781,
19-04-06 15:06:48,31,36,36.6469828,52,52.89336371,493,34.1743636,-118.4800781,
19-04-06 15:06:48,31,37,37.65748152,53,53.8865805,493,34.1743829,-118.4800542,
19-04-06 15:06:48,31,37,37.90682536,55,55.69150933,493,34.1744033,-118.4800312,
19-04-06 15:06:48,31,39,39.0091876,55,55.69150933,493,34.174447,-118.4799868,
19-04-06 15:06:49,32,38,38.89763904,56,56.0490058,492,34.1744951,-118.4799446,
19-04-06 15:06:49,32,38,38.89763904,56,56.91845768,492,34.1744951,-118.4799446,
19-04-06 15:06:49,32,39,39.97375456,56,56.91845768,491,34.1745204,-118.4799252,
19-04-06 15:06:49,32,41,41.23359712,57,57.53743864,490,34.1745467,-118.4799076,
19-04-06 15:06:50,33,43,43.77624812,59,59.41429979,487,34.1746013,-118.4798773,
19-04-06 15:06:50,33,44,44.35039512,59,59.05053936,485,34.1746293,-118.4798647,
19-04-06 15:06:50,33,45,45.09186496,58,58.38050178,483,34.1746578,-118.4798532,
19-04-06 15:06:50,33,46,46.36155004,58,58.79003733,480,34.1746879,-118.4798435,
19-04-06 15:06:51,34,46,46.36155004,58,58.79003733,480,34.1746879,-118.4798435,
19-04-06 15:06:51,34,48,48.70735064,59,59.54848377,470,34.1747798,-118.4798241,
19-04-06 15:06:51,34,48,48.64173384,59,59.54848377,466,34.1748108,-118.4798211,
19-04-06 15:06:51,34,49,49.57021156,59,59.47240885,463,34.1748425,-118.4798192,
19-04-06 15:06:51,34,49,49.78346616,59,59.72384972,458,34.1748743,-118.4798191,
19-04-06 15:06:52,35,49,49.57677324,59,59.9480946,454,34.1749061,-118.4798192,
19-04-06 15:06:52,35,48,48.54987032,60,60.41714093,454,34.1749706,-118.4798241,
19-04-06 15:06:52,35,47,47.63123512,61,61.81615742,442,34.1750019,-118.4798268,
19-04-06 15:06:52,35,47,47.77887292,60,60.83899165,438,34.1750343,-118.4798321,
19-04-06 15:06:53,36,47,47.77887292,59,59.38064585,438,34.1750343,-118.4798321,
19-04-06 15:06:53,36,47,47.70669444,60,60.15127605,433,34.1750664,-118.4798385,
19-04-06 15:06:53,36,49,49.31758688,60,60.4541052,429,34.1750983,-118.4798454,
19-04-06 15:06:53,36,50,50.42322996,61,61.32495881,421,34.175162,-118.4798583,
19-04-06 15:06:53,36,50,50.114831,58,58.34976393,418,34.1751939,-118.4798658,
19-04-06 15:06:54,37,52,52.43438488,58,58.34976393,415,34.1752254,-118.4798724,
19-04-06 15:06:54,37,54,54.97375504,54,54.82037412,412,34.1752567,-118.4798787,
19-04-06 15:06:54,37,54,54.97375504,54,54.82037412,412,34.1752567,-118.4798787,
19-04-06 15:06:54,37,58,58.20866328,53,53.194885,408,34.1753192,-118.4798882,
19-04-06 15:06:55,38,60,60.30512004,53,53.194885,408,34.1753509,-118.4798913,
19-04-06 15:06:55,38,59,59.95078932,54,54.38426835,408,34.1753824,-118.4798922,
19-04-06 15:06:55,38,60,60.5643064,57,57.06812949,409,34.1754141,-118.4798921,
19-04-06 15:06:55,38,60,60.83333528,57,57.06812949,410,34.1754459,-118.4798909,
19-04-06 15:06:56,39,61,61.0728366,56,56.91510355,415,34.1755103,-118.4798863,
19-04-06 15:06:56,39,60,60.47900456,57,57.37831144,418,34.1755425,-118.4798831,
19-04-06 15:06:56,39,61,61.64042192,58,58.6756715,421,34.175575,-118.4798803,
19-04-06 15:06:56,39,63,63.11351908,60,60.09121459,425,34.1756078,-118.479879,
19-04-06 15:06:56,39,64,64.51443776,59,59.62965247,428,34.1756395,-118.4798773,
19-04-06 15:06:57,40,62,62.91994952,61,61.58525434,435,34.1757053,-118.4798787,
19-04-06 15:06:57,40,62,62.91994952,61,61.58525434,435,34.1757053,-118.4798787,
19-04-06 15:06:57,40,60,60.777561,61,61.61828251,443,34.1757719,-118.4798813,
19-04-06 15:06:57,40,60,60.777561,61,61.61828251,443,34.1757719,-118.4798813,
19-04-06 15:06:58,41,59,59.01574992,61,61.26138678,447,34.1758059,-118.4798826,
19-04-06 15:06:58,41,59,59.38648484,61,61.09237241,451,34.1758397,-118.4798864,
19-04-06 15:06:58,41,61,61.24015944,59,59.27108594,465,34.17594,-118.4798977,
19-04-06 15:06:58,41,61,61.24015944,59,59.27108594,465,34.17594,-118.4798977,
19-04-06 15:06:58,41,68,68.1758552,56,56.93872639,474,34.1760026,-118.4799073,
19-04-06 15:06:59,42,68,68.1758552,55,55.42556935,474,34.1760026,-118.4799073,
19-04-06 15:06:59,42,71,71.31889992,54,54.75441164,478,34.1760333,-118.4799129,
19-04-06 15:06:59,42,75,75.2296612,53,53.92793142,487,34.176093,-118.4799274,
19-04-06 15:06:59,42,77,77.44750904,53,53.92793142,491,34.1761217,-118.4799353,
19-04-06 15:07:00,43,77,77.55577676,53,53.48001111,495,34.1761511,-118.4799445,
19-04-06 15:07:00,43,77,77.55577676,53,53.48001111,495,34.1761511,-118.4799445,
19-04-06 15:07:00,43,77,77.91010748,53,53.00953176,508,34.1762365,-118.479976,
19-04-06 15:07:00,43,78,78.52034372,53,53.5060369,512,34.1762647,-118.4799897,
19-04-06 15:07:00,43,78,78.52034372,52,52.98624684,512,34.1762647,-118.4799897,
19-04-06 15:07:01,44,78,78.52034372,52,52.98624684,512,34.1762647,-118.4799897,
19-04-06 15:07:01,44,78,78.44816524,54,54.97514595,522,34.1763452,-118.480036,
19-04-06 15:07:01,44,78,78.87467444,55,55.3413156,525,34.1763716,-118.4800535,
19-04-06 15:07:01,44,78,78.87467444,53,53.95689834,525,34.1763716,-118.4800535,
19-04-06 15:07:02,45,78,78.87467444,53,53.95689834,525,34.1763716,-118.4800535,
19-04-06 15:07:02,45,84,84.32414968,51,51.02844226,535,34.1764471,-118.4801088,
19-04-06 15:07:02,45,87,87.9593204,50,50.60388509,538,34.1764708,-118.4801278,
19-04-06 15:07:02,45,89,89.8786118,50,50.60388509,541,34.1764938,-118.4801471,
19-04-06 15:07:02,45,91,91.14829688,48,48.17298858,543,34.1765148,-118.4801693,
19-04-06 15:07:03,46,93,93.77953056,47,47.02296307,548,34.1765573,-118.4802112,
19-04-06 15:07:03,46,93,93.7171946,47,47.02296307,551,34.1765778,-118.4802328,
19-04-06 15:07:03,46,94,94.68176156,46,46.50347025,553,34.1765976,-118.480255,
19-04-06 15:07:03,46,95,95.2919978,47,47.74200787,555,34.1766174,-118.4802783,
19-04-06 15:07:04,47,96,96.13517368,48,48.11119687,557,34.1766361,-118.4803029,
19-04-06 15:07:04,47,96,96.13517368,48,48.74366005,557,34.1766361,-118.4803029,
19-04-06 15:07:04,47,98,98.10039684,48,48.56442997,564,34.1766906,-118.4803769,
19-04-06 15:07:04,47,98,98.10039684,48,48.56442997,564,34.1766906,-118.4803769,
19-04-06 15:07:04,47,99,99.54724728,48,48.56442997,566,34.1767082,-118.4804022,
19-04-06 15:07:05,48,99,99.71457012,48,48.81510428,568,34.1767262,-118.4804272,
19-04-06 15:07:05,48,101,101.049872,49,49.47346811,574,34.1767617,-118.4804788,
19-04-06 15:07:05,48,102,102.0603707,49,49.6077616,577,34.1767797,-118.4805039,
19-04-06 15:07:05,48,98,98.96325776,50,50.74749318,580,34.1767977,-118.48053,
19-04-06 15:07:06,49,101,101.3353051,53,53.27706745,592,34.1768553,-118.4806053,
19-04-06 15:07:06,49,101,101.3353051,53,53.27706745,592,34.1768553,-118.4806053,
19-04-06 15:07:06,49,103,103.5629954,53,53.07013764,596,34.176875,-118.4806303,
19-04-06 15:07:06,49,104,104.9606333,52,52.09231481,601,34.1768947,-118.4806546,
19-04-06 15:07:06,49,106,106.1843866,50,50.49780759,605,34.1769137,-118.4806789,
19-04-06 15:07:07,50,106,106.7585336,51,51.33980067,610,34.1769331,-118.4807038,
19-04-06 15:07:07,50,106,106.4731005,52,52.879991,610,34.1769733,-118.4807533,
19-04-06 15:07:07,50,105,105.4626018,53,53.50911569,626,34.1769947,-118.4807773,
19-04-06 15:07:07,50,103,103.940292,53,53.80112527,632,34.1770151,-118.4808021,
19-04-06 15:07:08,51,103,103.940292,53,53.80112527,632,34.1770151,-118.4808021,
19-04-06 15:07:08,51,104,104.2388485,53,53.59048464,638,34.1770362,-118.4808268,
19-04-06 15:07:08,51,104,104.350397,52,52.87361439,644,34.1770564,-118.4808525,
19-04-06 15:07:08,51,104,104.8786123,51,51.1466691,655,34.1770946,-118.480905,
19-04-06 15:07:08,51,107,107.1686386,51,51.5327007,660,34.1771133,-118.4809319,
19-04-06 15:07:09,52,106,106.955384,51,51.31344008,666,34.1771315,-118.4809586,
19-04-06 15:07:09,52,106,106.1384548,51,51.95329049,671,34.1771494,-118.480986,
19-04-06 15:07:09,52,106,106.1384548,51,51.95329049,671,34.1771494,-118.480986,
19-04-06 15:07:09,52,104,104.4980348,53,53.27256816,688,34.1772036,-118.481069,
19-04-06 15:07:10,53,104,104.4980348,53,53.27256816,688,34.1772036,-118.481069,
19-04-06 15:07:10,53,104,104.7014469,52,52.18901513,700,34.1772384,-118.4811253,
19-04-06 15:07:10,53,106,106.7126018,50,50.7612351,706,34.1772549,-118.4811527,
19-04-06 15:07:10,53,106,106.7126018,50,50.7612351,706,34.1772549,-118.4811527,
19-04-06 15:07:10,53,110,110.1706072,47,47.748203,722,34.1772999,-118.481238,
19-04-06 15:07:11,54,110,110.1706072,47,47.748203,722,34.1772999,-118.481238,
19-04-06 15:07:11,54,110,110.6069589,46,46.78754506,726,34.1773127,-118.4812651,
19-04-06 15:07:11,54,112,112.6476414,46,46.96082719,731,34.1773256,-118.481292,
19-04-06 15:07:11,54,113,113.3694262,45,45.96727874,736,34.1773374,-118.4813188,
19-04-06 15:07:11,54,113,113.3694262,44,44.85591959,736,34.1773374,-118.4813188,
19-04-06 15:07:12,55,116,116.532156,42,42.15075097,748,34.1773696,-118.4813971,
19-04-06 15:07:12,55,116,116.532156,42,42.15075097,748,34.1773696,-118.4813971,
19-04-06 15:07:12,55,116,116.6437045,40,40.90972904,752,34.1773782,-118.4814233,
19-04-06 15:07:12,55,119,119.5341246,40,40.33639491,755,34.1773855,-118.4814495,
19-04-06 15:07:13,56,121,121.7060406,36,36.42594211,760,34.1773945,-118.4815004,
19-04-06 15:07:13,56,121,121.7060406,36,36.42594211,760,34.1773945,-118.4815004,
19-04-06 15:07:13,56,118,118.4416048,34,34.40507864,764,34.1773996,-118.4815505,
19-04-06 15:07:13,56,117,117.4573528,35,35.20775455,764,34.177399,-118.4815751,
19-04-06 15:07:13,56,117,117.4573528,35,35.65805905,764,34.177399,-118.4815751,
19-04-06 15:07:14,57,117,117.0308436,35,35.74708743,765,34.1773945,-118.4816239,
19-04-06 15:07:14,57,115,115.7611586,36,36.23806389,764,34.1773892,-118.4816477,
19-04-06 15:07:14,57,113,113.8418672,37,37.46323505,763,34.1773791,-118.4816951,
19-04-06 15:07:14,57,113,113.3234944,39,39.0063446,762,34.1773729,-118.4817194,
19-04-06 15:07:15,58,114,114.3438357,39,39.89672851,761,34.1773667,-118.4817437,
19-04-06 15:07:15,58,114,114.3438357,40,40.22925048,761,34.1773667,-118.4817437,
19-04-06 15:07:15,58,116,116.4206074,40,40.04359999,760,34.177359,-118.4817685,
19-04-06 15:07:15,58,119,119.812996,38,38.82129486,759,34.1773393,-118.4818429,
19-04-06 15:07:15,58,119,119.0354369,38,38.78316665,758,34.1773322,-118.481867,
19-04-06 15:07:16,59,119,119.0354369,38,38.78316665,758,34.1773322,-118.481867,
19-04-06 15:07:16,59,119,119.0354369,38,38.78316665,758,34.1773322,-118.481867,
19-04-06 15:07:16,59,119,119.0354369,38,38.78316665,758,34.1773322,-118.481867,
19-04-06 15:07:16,59,119,119.0354369,38,38.78316665,758,34.1773322,-118.481867,
19-04-06 15:07:17,60,120,120.0000038,35,35.76494692,753,34.1772921,-118.4819842,
19-04-06 15:07:17,60,119,119.9704763,36,36.80284685,752,34.1772826,-118.4820062,
19-04-06 15:07:17,60,120,120.4166705,35,35.97205195,751,34.1772733,-118.4820278,
19-04-06 15:07:17,60,120,120.2198201,36,36.54639356,750,34.1772635,-118.4820494,
19-04-06 15:07:17,60,120,120.2198201,36,36.77693682,750,34.1772635,-118.4820494,
19-04-06 15:07:18,61,121,121.6207388,34,34.86282042,747,34.1772354,-118.4821121,
19-04-06 15:07:18,61,121,121.6207388,34,34.86282042,747,34.1772354,-118.4821121,
19-04-06 15:07:18,61,126,126.1647022,31,31.05346399,744,34.1772169,-118.4821485,
19-04-06 15:07:18,61,126,126.1647022,31,31.05346399,744,34.1772169,-118.4821485,
19-04-06 15:07:19,62,128,128.8254634,29,29.18948745,740,34.177186,-118.4821966,
19-04-06 15:07:19,62,128,128.9927863,27,27.89336329,738,34.177175,-118.4822103,
19-04-06 15:07:19,62,128,128.9927863,27,27.89336329,738,34.177175,-118.4822103,
19-04-06 15:07:19,62,130,130.2329438,26,26.77374084,736,34.1771643,-118.4822232,
19-04-06 15:07:19,62,129,129.9278257,27,27.57983659,733,34.177152,-118.4822348,
19-04-06 15:07:20,63,129,129.6030225,27,27.52913979,730,34.1771392,-118.482245,
19-04-06 15:07:20,63,128,128.3989542,27,27.52913979,724,34.1771126,-118.4822653,
19-04-06 15:07:20,63,128,128.3989542,27,27.52512547,724,34.1771126,-118.4822653,
19-04-06 15:07:20,63,130,130.8070908,26,26.57247113,717,34.177086,-118.4822815,
19-04-06 15:07:21,64,130,130.8070908,27,27.22529063,717,34.177086,-118.4822815,
19-04-06 15:07:21,64,130,130.3740199,27,27.16994748,710,34.1770588,-118.4822938,
19-04-06 15:07:21,64,130,130.3740199,27,27.16994748,710,34.1770588,-118.4822938,
19-04-06 15:07:21,64,132,132.2834688,25,25.73874135,698,34.1770172,-118.4823045,
19-04-06 15:07:21,64,132,132.2834688,25,25.73874135,698,34.1770172,-118.4823045,
19-04-06 15:07:22,65,132,132.5131276,25,25.02952741,690,34.1769913,-118.4823078,
19-04-06 15:07:22,65,132,132.5131276,25,25.24931368,690,34.1769913,-118.4823078,
19-04-06 15:07:22,65,131,131.8110278,25,25.24931368,685,34.1769769,-118.4823052,
19-04-06 15:07:22,65,130,130.4199517,27,27.25692333,675,34.1769477,-118.4822987,
19-04-06 15:07:23,66,130,130.4199517,27,27.62805534,675,34.1769477,-118.4822987,
19-04-06 15:07:23,66,128,128.9074844,29,29.65468216,663,34.1769162,-118.4822846,
19-04-06 15:07:23,66,128,128.9074844,30,30.28516478,663,34.1769162,-118.4822846,
19-04-06 15:07:23,66,125,125.9973794,30,30.37308555,644,34.1768685,-118.4822583,
19-04-06 15:07:23,66,125,125.9973794,31,31.22703084,644,34.1768685,-118.4822583,
19-04-06 15:07:24,67,123,123.7532848,31,31.22703084,637,34.1768526,-118.4822482,
19-04-06 15:07:24,67,122,122.8248071,32,32.06605463,630,34.1768358,-118.4822366,
19-04-06 15:07:24,67,121,121.6961981,32,32.06605463,623,34.1768187,-118.4822252,
19-04-06 15:07:24,67,122,122.3917362,32,32.70531369,616,34.1768023,-118.482213,
19-04-06 15:07:25,68,122,122.3917362,34,34.11981487,616,34.1768023,-118.482213,
19-04-06 15:07:25,68,123,123.0577467,35,35.7056489,602,34.1767689,-118.4821878,
19-04-06 15:07:25,68,121,121.2040721,35,35.79484311,587,34.1767355,-118.4821603,
19-04-06 15:07:25,68,120,120.9350432,33,33.42258443,579,34.1767181,-118.4821447,
19-04-06 15:07:25,68,120,120.9350432,34,34.54136208,579,34.1767181,-118.4821447,
19-04-06 15:07:26,69,119,119.0354369,36,36.44038803,571,34.1767001,-118.4821281,
19-04-06 15:07:26,69,116,116.1154893,38,38.59142742,555,34.1766641,-118.4820963,
19-04-06 15:07:26,69,115,115.0196887,38,38.59142742,547,34.1766466,-118.4820802,
19-04-06 15:07:26,69,113,113.7500036,38,38.24195959,539,34.1766291,-118.4820639,
19-04-06 15:07:27,70,115,115.2165391,38,38.62220908,531,34.1766114,-118.482047,
19-04-06 15:07:27,70,116,116.2270378,39,39.61824496,523,34.176594,-118.4820295,
19-04-06 15:07:27,70,114,114.3143081,40,40.36104714,499,34.1765427,-118.4819736,
19-04-06 15:07:27,70,114,114.3143081,40,40.36104714,499,34.1765427,-118.4819736,
19-04-06 15:07:27,70,109,109.3930481,39,39.51078764,490,34.1765257,-118.4819536,
19-04-06 15:07:28,71,107,107.8543342,59,59.80388577,482,34.176509,-118.4819332,
19-04-06 15:07:28,71,106,106.9258564,59,59.80388577,474,34.1764912,-118.4819118,
19-04-06 15:07:28,71,103,103.7106332,52,52.8797532,457,34.1764559,-118.4818696,
19-04-06 15:07:28,71,104,104.146985,48,48.41733009,448,34.1764386,-118.4818478,
19-04-06 15:07:29,72,104,104.0912107,47,47.01679923,448,34.1764217,-118.4818266,
19-04-06 15:07:29,72,105,105.6758564,46,46.46501978,432,34.1764044,-118.4818063,
19-04-06 15:07:29,72,105,105.6758564,46,46.46501978,432,34.1764044,-118.4818063,
19-04-06 15:07:29,72,105,105.6758564,46,46.46501978,432,34.1764044,-118.4818063,
19-04-06 15:07:29,72,100,100.1115518,43,43.49709948,398,34.1763323,-118.4817247,
19-04-06 15:07:30,73,100,100.1115518,43,43.49709948,398,34.1763323,-118.4817247,
19-04-06 15:07:30,73,100,100.1115518,43,43.49709948,398,34.1763323,-118.4817247,
19-04-06 15:07:30,73,99,99.88189296,43,43.73891287,381,34.1762945,-118.4816863,
19-04-06 15:07:30,73,103,103.080712,43,43.22453572,364,34.1762553,-118.4816509,
19-04-06 15:07:31,74,103,103.080712,41,41.67718032,364,34.1762553,-118.4816509,
19-04-06 15:07:31,74,102,102.198166,41,41.67718032,355,34.1762362,-118.4816329,
19-04-06 15:07:31,74,102,102.0045964,42,42.8690292,347,34.1762167,-118.4816153,
19-04-06 15:07:31,74,100,100.7152263,42,42.8690292,339,34.1761983,-118.4815969,
19-04-06 15:07:31,74,98,98.2775622,43,43.96899619,313,34.1761392,-118.4815416,
19-04-06 15:07:32,75,99,99.84252288,43,43.96899619,304,34.176119,-118.4815229,
19-04-06 15:07:32,75,96,96.292654,43,43.96899619,296,34.1760991,-118.4815029,
19-04-06 15:07:32,75,96,96.292654,43,43.96899619,296,34.1760991,-118.4815029,
19-04-06 15:07:32,75,96,96.292654,43,43.96899619,296,34.1760991,-118.4815029,
19-04-06 15:07:33,76,96,96.292654,43,43.96899619,296,34.1760991,-118.4815029,
19-04-06 15:07:33,76,92,92.2244124,43,43.96899619,261,34.1760175,-118.4814247,
19-04-06 15:07:33,76,92,92.2244124,43,43.96899619,261,34.1760175,-118.4814247,
19-04-06 15:07:33,76,92,92.2244124,43,43.96899619,261,34.1760175,-118.4814247,
19-04-06 15:07:33,76,94,94.2913416,46,46.10575864,244,34.1759751,-118.481387,
19-04-06 15:07:34,77,95,95.00328388,45,45.06334064,227,34.1759335,-118.4813503,
19-04-06 15:07:34,77,94,94.51443872,45,45.06334064,210,34.1758908,-118.481313,
19-04-06 15:07:34,77,94,94.51443872,45,45.06334064,210,34.1758908,-118.481313,
19-04-06 15:07:34,77,96,96.33858576,45,45.6759356,202,34.1758707,-118.4812939,
19-04-06 15:07:35,78,97,97.4245438,45,45.59241088,194,34.1758501,-118.4812749,
19-04-06 15:07:35,78,99,99.1961974,43,43.73599991,187,34.1758302,-118.4812552,
19-04-06 15:07:35,78,99,99.1961974,43,43.22212338,187,34.1758302,-118.4812552,
19-04-06 15:07:35,78,99,99.1961974,43,43.22212338,187,34.1758302,-118.4812552,
19-04-06 15:07:35,78,96,96.87664352,43,43.17740268,160,34.1757534,-118.4811792,
19-04-06 15:07:36,79,96,96.87664352,43,43.17740268,160,34.1757534,-118.4811792,
19-04-06 15:07:36,79,96,96.45013432,42,42.18252134,153,34.1757339,-118.4811621,
19-04-06 15:07:36,79,96,96.45013432,42,42.18252134,153,34.1757339,-118.4811621,
19-04-06 15:07:36,79,102,102.0242815,40,40.72311487,130,34.1756556,-118.4811019,
19-04-06 15:07:37,80,102,102.0242815,39,39.73866825,130,34.1756556,-118.4811019,
19-04-06 15:07:37,80,103,103.858271,39,39.28824798,124,34.1756359,-118.4810899,
19-04-06 15:07:37,80,103,103.4973786,38,38.88608401,119,34.1756159,-118.4810784,
19-04-06 15:07:37,80,104,104.6752002,39,39.48371368,109,34.1755767,-118.4810568,
19-04-06 15:07:37,80,105,105.3313682,39,39.97653929,104,34.1755568,-118.4810475,
19-04-06 15:07:38,81,106,106.4074837,40,40.14238726,100,34.1755364,-118.4810386,
19-04-06 15:07:38,81,107,107.8444916,40,40.14238726,96,34.175517,-118.4810304,
19-04-06 15:07:38,81,107,107.8444916,37,37.58518835,96,34.175517,-118.4810304,
19-04-06 15:07:38,81,108,108.8287436,36,36.52440085,87,34.1754603,-118.4810053,
19-04-06 15:07:39,82,109,109.8556466,36,36.07918074,86,34.1754421,-118.4809974,
19-04-06 15:07:39,82,109,109.2814996,35,35.62109478,84,34.1754243,-118.4809893,
19-04-06 15:07:39,82,111,111.0990849,35,35.67706996,83,34.1754054,-118.4809822,
19-04-06 15:07:39,82,111,111.0990849,34,34.23296357,83,34.1754054,-118.4809822,
19-04-06 15:07:39,82,111,111.0990849,34,34.23296357,83,34.1754054,-118.4809822,
19-04-06 15:07:40,83,111,111.9061716,32,32.61687353,84,34.1753511,-118.4809603,
19-04-06 15:07:40,83,111,111.5157516,32,32.85891846,87,34.1753152,-118.4809478,
19-04-06 15:07:40,83,111,111.5157516,32,32.85891846,87,34.1753152,-118.4809478,
19-04-06 15:07:40,83,111,111.6371427,33,33.11886668,89,34.1752969,-118.4809427,
19-04-06 15:07:41,84,112,112.7395049,33,33.33821178,91,34.1752794,-118.4809375,
19-04-06 15:07:41,84,115,115.2723134,32,32.86767299,96,34.1752451,-118.4809294,
19-04-06 15:07:41,84,115,115.2723134,31,31.79823109,96,34.1752451,-118.4809294,
19-04-06 15:07:41,84,118,118.4678516,29,29.13167251,102,34.175212,-118.4809238,
19-04-06 15:07:41,84,118,118.4678516,29,29.13167251,102,34.175212,-118.4809238,
19-04-06 15:07:42,85,117,117.5426547,29,29.19114261,108,34.1751777,-118.4809197,
19-04-06 15:07:42,85,117,117.5426547,29,29.19114261,108,34.1751777,-118.4809197,
19-04-06 15:07:42,85,117,117.5131271,30,30.06737159,115,34.1751438,-118.480916,
19-04-06 15:07:42,85,116,116.0498725,30,30.32913142,119,34.1751267,-118.4809138,
19-04-06 15:07:43,86,115,115.4560404,31,31.25227755,124,34.1751094,-118.4809112,
19-04-06 15:07:43,86,115,115.4560404,31,31.25227755,124,34.1751094,-118.4809112,
19-04-06 15:07:43,86,113,113.2972477,32,32.11083164,133,34.1750756,-118.4809049,
19-04-06 15:07:43,86,112,112.0177201,30,30.96094068,143,34.1750403,-118.480898,
19-04-06 15:07:43,86,110,110.7742818,31,31.89992506,148,34.1750233,-118.4808948,
19-04-06 15:07:44,87,112,112.4343868,30,30.92983362,153,34.1750059,-118.4808925,
19-04-06 15:07:44,87,113,113.1200824,30,30.01451588,158,34.1749891,-118.4808922,
19-04-06 15:07:44,87,114,114.7244131,30,30.20822942,163,34.1749722,-118.4808923,
19-04-06 15:07:44,87,115,115.6955418,30,30.65826484,172,34.1749387,-118.4808931,
19-04-06 15:07:45,88,115,115.6955418,30,30.65826484,172,34.1749387,-118.4808931,
19-04-06 15:07:45,88,115,115.8825496,29,29.41222423,177,34.1749219,-118.4808945,
19-04-06 15:07:45,88,115,115.751316,29,29.41222423,181,34.1749057,-118.4808954,
19-04-06 15:07:45,88,112,112.450791,31,31.11546846,186,34.1748883,-118.480895,
19-04-06 15:07:45,88,112,112.3786125,32,32.92083846,192,34.1748705,-118.4808926,
19-04-06 15:07:46,89,112,112.36877,32,32.09215865,204,34.1748361,-118.4808854,
19-04-06 15:07:46,89,111,111.4960666,33,33.37896509,210,34.174819,-118.4808791,
19-04-06 15:07:46,89,109,109.7736256,32,32.56643017,217,34.1748021,-118.4808711,
19-04-06 15:07:46,89,107,107.3720507,34,34.78804084,223,34.1747862,-118.4808616,
19-04-06 15:07:46,89,107,107.7066964,34,34.16413194,230,34.1747716,-118.4808494,
19-04-06 15:07:47,90,107,107.7066964,34,34.16413194,230,34.1747716,-118.4808494,
19-04-06 15:07:47,90,107,107.7066964,34,34.16413194,230,34.1747716,-118.4808494,
19-04-06 15:07:47,90,108,108.69751,33,33.17898446,249,34.174733,-118.4808051,
19-04-06 15:07:47,90,110,110.4954104,33,33.33810227,255,34.1747224,-118.4807889,
19-04-06 15:07:48,91,110,110.4954104,33,33.33810227,255,34.1747224,-118.4807889,
19-04-06 15:07:48,91,113,113.6942294,39,39.50923573,272,34.1746938,-118.4807394,
19-04-06 15:07:48,91,113,113.6942294,39,39.50923573,272,34.1746938,-118.4807394,
19-04-06 15:07:48,91,117,117.9691639,31,31.08450221,281,34.1746799,-118.4807067,
19-04-06 15:07:49,92,118,118.6811062,30,30.3028209,286,34.1746729,-118.4806896,
19-04-06 15:07:49,92,119,119.5439671,29,29.399349,291,34.1746674,-118.4806721,
19-04-06 15:07:49,92,122,122.0374055,28,28.53754403,301,34.1746557,-118.4806362,
19-04-06 15:07:49,92,122,122.4835997,30,30.45463284,306,34.1746525,-118.4806168,
19-04-06 15:07:49,92,125,125.3773006,33,33.14556518,310,34.1746504,-118.480596,
19-04-06 15:07:50,93,124,124.7080092,31,31.68370256,314,34.1746493,-118.4805753,
19-04-06 15:07:50,93,124,124.0124712,32,32.86846772,319,34.1746476,-118.4805521,
19-04-06 15:07:50,93,124,124.0124712,32,32.86846772,319,34.1746476,-118.4805521,
19-04-06 15:07:50,93,125,125.1345184,32,32.16192581,331,34.1746529,-118.4804857,
19-04-06 15:07:51,94,125,125.1345184,32,32.16192581,331,34.1746529,-118.4804857,
19-04-06 15:07:51,94,125,125.1345184,32,32.16192581,331,34.1746529,-118.4804857,
19-04-06 15:07:51,94,126,126.1647022,34,34.74729379,338,34.1746638,-118.4804428,
19-04-06 15:07:51,94,126,126.3221825,37,37.20113731,340,34.1746724,-118.4804199,
19-04-06 15:07:51,94,125,125.5052534,39,39.73321779,345,34.1746938,-118.4803746,
19-04-06 15:07:52,95,124,124.3372743,39,39.73321779,347,34.1747065,-118.4803532,
19-04-06 15:07:52,95,121,121.4271692,42,42.45380227,349,34.1747219,-118.4803311,
19-04-06 15:07:52,95,121,121.4271692,42,42.45380227,349,34.1747219,-118.4803311,
19-04-06 15:07:52,95,117,117.3458043,45,45.86749023,351,34.1747586,-118.4802901,
19-04-06 15:07:53,96,115,115.0098462,47,47.54372621,352,34.1748011,-118.4802514,
19-04-06 15:07:53,96,115,115.0098462,47,47.54372621,352,34.1748011,-118.4802514,
19-04-06 15:07:53,96,110,110.8398986,54,54.7454819,351,34.1748541,-118.4802184,
19-04-06 15:07:53,96,110,110.8398986,56,57.00032724,351,34.1748541,-118.4802184,
19-04-06 15:07:53,96,109,109.0977725,58,58.23816401,350,34.1748841,-118.480204,
19-04-06 15:07:54,97,108,108.205384,58,58.88068645,347,34.1749469,-118.4801802,
19-04-06 15:07:54,97,106,106.6404234,59,59.35996413,345,34.1749795,-118.4801707,
19-04-06 15:07:54,97,109,109.189636,59,59.35996413,343,34.1750118,-118.4801627,
19-04-06 15:07:54,97,111,111.8602398,59,59.84382871,342,34.1750444,-118.4801562,
19-04-06 15:07:55,98,113,113.6581401,59,59.84382871,340,34.1750768,-118.4801518,
19-04-06 15:07:55,98,113,113.6581401,59,59.84382871,340,34.1750768,-118.4801518,
19-04-06 15:07:55,98,116,116.7618148,58,58.38197234,335,34.1751756,-118.4801448,
19-04-06 15:07:55,98,117,117.8937046,57,57.38764794,333,34.1752079,-118.4801449,
19-04-06 15:07:55,98,117,117.8674578,57,57.2800592,331,34.17524,-118.4801471,
19-04-06 15:07:56,99,119,119.3864868,56,56.73026344,329,34.1752726,-118.4801518,
19-04-06 15:07:56,99,119,119.3864868,56,56.35950064,329,34.1752726,-118.4801518,
19-04-06 15:07:56,99,122,122.1784816,57,57.60550996,325,34.1753385,-118.4801636,
19-04-06 15:07:56,99,123,123.9009226,56,56.82022422,323,34.1753708,-118.4801713,
19-04-06 15:07:57,100,123,123.2611588,57,57.70736664,322,34.1754023,-118.4801785,
19-04-06 15:07:57,100,124,124.5308439,58,58.06759147,321,34.1754347,-118.4801861,
19-04-06 15:07:57,100,125,125.9055158,58,58.28121076,320,34.1754673,-118.480195,
19-04-06 15:07:57,100,125,125.4133898,57,57.22119922,320,34.1755316,-118.4802128,
19-04-06 15:07:57,100,126,126.5354371,56,56.24280068,320,34.1755635,-118.4802224,
19-04-06 15:07:58,101,128,128.9534162,56,56.24280068,321,34.1755953,-118.4802326,
19-04-06 15:07:58,101,131,131.1220514,57,57.06735979,321,34.1756268,-118.4802437,
19-04-06 15:07:58,101,131,131.2631276,56,56.75112037,322,34.1756585,-118.4802554,
19-04-06 15:07:58,101,131,131.2631276,56,56.30754916,322,34.1756585,-118.4802554,
19-04-06 15:07:59,102,128,128.1003978,58,58.67465775,325,34.1757208,-118.4802801,
19-04-06 15:07:59,102,127,127.1194266,60,60.09906801,329,34.1757838,-118.4803053,
19-04-06 15:07:59,102,126,126.1450172,60,60.6944449,332,34.1758159,-118.4803194,
19-04-06 15:07:59,102,125,125.9612901,61,61.12831667,340,34.1758822,-118.4803452,
19-04-06 15:07:59,102,125,125.9612901,61,61.10180903,340,34.1758822,-118.4803452,
19-04-06 15:08:00,103,127,127.6476419,60,60.40734762,348,34.1759466,-118.4803708,
19-04-06 15:08:00,103,129,129.7605028,60,60.2715116,353,34.1759786,-118.4803831,
19-04-06 15:08:00,103,131,131.2270383,60,60.25811386,359,34.1760108,-118.4803958,
19-04-06 15:08:00,103,131,131.2270383,59,59.47721476,359,34.1760108,-118.4803958,
19-04-06 15:08:01,104,131,131.5026289,57,57.8932643,370,34.1760745,-118.4804212,
19-04-06 15:08:01,104,131,131.5026289,57,57.8932643,370,34.1760745,-118.4804212,
19-04-06 15:08:01,104,130,130.0754635,59,59.3615223,383,34.1761373,-118.480447,
19-04-06 15:08:01,104,129,129.8917364,60,60.14524362,389,34.1761688,-118.4804604,
19-04-06 15:08:02,105,129,129.8917364,60,60.14524362,389,34.1761688,-118.4804604,
19-04-06 15:08:02,105,127,127.0538098,58,58.72375571,409,34.1762609,-118.4805054,
19-04-06 15:08:02,105,126,126.1253321,59,59.82941721,415,34.1762916,-118.4805227,
19-04-06 15:08:02,105,126,126.7191642,59,59.87048028,422,34.1763217,-118.4805401,
19-04-06 15:08:02,105,125,125.8858308,59,59.52705113,429,34.1763515,-118.4805594,
19-04-06 15:08:03,106,127,127.3687705,59,59.52705113,442,34.1764093,-118.4806,
19-04-06 15:08:03,106,127,127.3687705,57,57.39655265,442,34.1764093,-118.4806,
19-04-06 15:08:03,106,127,127.3687705,57,57.39655265,442,34.1764093,-118.4806,
19-04-06 15:08:03,106,128,128.9632587,57,57.65216742,455,34.176465,-118.4806415,
19-04-06 15:08:04,107,130,130.1607653,58,58.04594606,462,34.1764929,-118.4806631,
19-04-06 15:08:04,107,129,129.7506603,58,58.04594606,469,34.1765197,-118.4806845,
19-04-06 15:08:04,107,129,129.9081406,58,58.53137506,483,34.1765736,-118.4807264,
19-04-06 15:08:04,107,129,129.1108965,58,58.36711029,490,34.1766002,-118.4807484,
19-04-06 15:08:04,107,129,129.4192955,57,57.8423078,497,34.1766269,-118.4807697,
19-04-06 15:08:05,108,130,130.8825501,57,57.19739491,505,34.1766542,-118.4807902,
19-04-06 15:08:05,108,130,130.8825501,57,57.19739491,505,34.1766542,-118.4807902,
19-04-06 15:08:05,108,132,132.5689019,56,56.98448273,527,34.1767307,-118.4808519,
19-04-06 15:08:05,108,132,132.5689019,56,56.50225768,527,34.1767307,-118.4808519,
19-04-06 15:08:06,109,133,133.0413428,54,54.26447709,535,34.1767555,-118.4808724,
19-04-06 15:08:06,109,133,133.0413428,54,54.26447709,535,34.1767555,-118.4808724,
19-04-06 15:08:06,109,131,131.0400304,51,51.66115263,550,34.1768032,-118.4809149,
19-04-06 15:08:06,109,131,131.0400304,51,51.66115263,550,34.1768032,-118.4809149,
19-04-06 15:08:06,109,131,131.3189018,51,51.51590815,571,34.1768713,-118.4809823,
19-04-06 15:08:07,110,131,131.4566971,51,51.51590815,577,34.1768922,-118.4810062,
19-04-06 15:08:07,110,131,131.4566971,49,49.21855108,577,34.1768922,-118.4810062,
19-04-06 15:08:07,110,129,129.019033,48,48.26011462,590,34.1769307,-118.4810556,
19-04-06 15:08:07,110,129,129.4816314,47,47.07998329,601,34.176965,-118.4811063,
19-04-06 15:08:08,111,131,131.3910803,46,46.88954253,606,34.1769803,-118.4811318,
19-04-06 15:08:08,111,132,132.2736263,46,46.92063081,611,34.176996,-118.4811575,
19-04-06 15:08:08,111,132,132.2736263,46,46.92063081,611,34.176996,-118.4811575,
19-04-06 15:08:08,111,132,132.2637838,45,45.07715139,616,34.1770099,-118.4811831,
19-04-06 15:08:08,111,132,132.2637838,45,45.07715139,616,34.1770099,-118.4811831,
19-04-06 15:08:09,112,133,133.366146,44,44.9218852,636,34.1770642,-118.4812827,
19-04-06 15:08:09,112,133,133.366146,44,44.9218852,636,34.1770642,-118.4812827,
19-04-06 15:08:09,112,133,133.366146,44,44.9218852,636,34.1770642,-118.4812827,
19-04-06 15:08:09,112,137,137.2047288,39,39.78836382,644,34.1770855,-118.4813325,
19-04-06 15:08:10,113,137,137.3917367,38,38.74994762,648,34.1770946,-118.4813577,
19-04-06 15:08:10,113,136,136.8799256,38,38.07635567,654,34.1771099,-118.4814071,
19-04-06 15:08:10,113,137,137.650923,38,38.73868062,657,34.1771158,-118.4814322,
19-04-06 15:08:10,113,137,137.650923,38,38.73868062,657,34.1771158,-118.4814322,
19-04-06 15:08:10,113,138,138.8910806,39,39.29105456,660,34.1771209,-118.4814575,
19-04-06 15:08:11,114,135,135.3510542,39,39.44041974,665,34.1771297,-118.4815091,
19-04-06 15:08:11,114,135,135.3510542,40,40.45434954,665,34.1771297,-118.4815091,
19-04-06 15:08:11,114,133,133.6089282,41,41.50783742,670,34.1771388,-118.4815616,
19-04-06 15:08:11,114,135,135.9350437,41,41.50783742,673,34.1771432,-118.4815882,
19-04-06 15:08:12,115,137,137.1128653,41,41.56354977,676,34.1771474,-118.4816143,
19-04-06 15:08:12,115,137,137.4836002,41,41.45459686,678,34.1771512,-118.4816398,
19-04-06 15:08:12,115,138,138.3825504,41,41.45459686,682,34.1771561,-118.4816658,
19-04-06 15:08:12,115,138,138.3825504,40,40.94261328,682,34.1771561,-118.4816658,
19-04-06 15:08:12,115,141,141.2007919,40,40.46522543,692,34.1771714,-118.4817423,
19-04-06 15:08:13,116,143,143.9731017,40,40.17700489,695,34.1771759,-118.4817668,
19-04-06 15:08:13,116,145,145.6135217,38,38.30835385,698,34.1771799,-118.4817907,
19-04-06 15:08:13,116,145,145.8366188,35,35.55433445,701,34.1771829,-118.4818138,
19-04-06 15:08:13,116,145,145.8366188,35,35.55433445,701,34.1771829,-118.4818138,
19-04-06 15:08:14,117,145,145.688981,33,33.90665551,707,34.1771887,-118.4818602,
19-04-06 15:08:14,117,145,145.4560414,32,32.05741587,709,34.1771898,-118.4818825,
19-04-06 15:08:14,117,145,145.2066976,31,31.64301495,712,34.1771889,-118.4819262,
19-04-06 15:08:14,117,145,145.2066976,31,31.64301495,712,34.1771889,-118.4819262,
19-04-06 15:08:14,117,143,143.2316319,31,31.22214357,713,34.1771858,-118.4819474,
19-04-06 15:08:15,118,143,143.2316319,31,31.22214357,713,34.1771858,-118.4819474,
19-04-06 15:08:15,118,141,141.794624,26,26.38849771,715,34.1771734,-118.4820072,
19-04-06 15:08:15,118,141,141.794624,26,26.38849771,715,34.1771734,-118.4820072,
19-04-06 15:08:15,118,140,140.357616,28,28.09332202,713,34.1771578,-118.4820407,
19-04-06 15:08:15,118,140,140.357616,27,27.25276821,713,34.1771578,-118.4820407,
19-04-06 15:08:16,119,140,140.357616,27,27.25276821,713,34.1771578,-118.4820407,
19-04-06 15:08:16,119,134,134.9704768,28,28.20347641,704,34.1771145,-118.482095,
19-04-06 15:08:16,119,134,134.9704768,28,28.81634359,704,34.1771145,-118.482095,
19-04-06 15:08:16,119,132,132.7001355,29,29.26965492,701,34.1771017,-118.4821066,
19-04-06 15:08:17,120,132,132.7001355,29,29.26965492,701,34.1771017,-118.4821066,
19-04-06 15:08:17,120,133,133.3956736,29,29.69820763,694,34.1770733,-118.4821264,
19-04-06 15:08:17,120,130,130.2624714,31,31.53165908,686,34.1770436,-118.4821447,
19-04-06 15:08:17,120,130,130.0196892,31,31.53165908,681,34.1770273,-118.4821507,
19-04-06 15:08:17,120,130,130.0951485,31,31.41234654,677,34.1770114,-118.4821589,
19-04-06 15:08:18,121,130,130.5675895,30,30.78217054,672,34.176995,-118.4821651,
19-04-06 15:08:18,121,133,133.30381,30,30.36370212,663,34.1769626,-118.4821749,
19-04-06 15:08:18,121,134,134.3405555,29,29.45818082,658,34.1769467,-118.4821785,
19-04-06 15:08:18,121,134,134.3405555,29,29.45818082,658,34.1769467,-118.4821785,
19-04-06 15:08:19,122,134,134.9803193,28,28.55348866,653,34.1769308,-118.4821821,
19-04-06 15:08:19,122,133,133.5334688,29,29.91032195,648,34.1769142,-118.4821831,
19-04-06 15:08:19,122,132,132.8018415,30,30.45141638,643,34.1768977,-118.4821835,
19-04-06 15:08:19,122,131,131.3910803,32,32.52256365,630,34.1768621,-118.4821791,
19-04-06 15:08:20,123,131,131.3910803,32,32.52256365,630,34.1768621,-118.4821791,
19-04-06 15:08:20,123,129,129.2126026,33,33.37521359,618,34.1768262,-118.4821702,
19-04-06 15:08:20,123,128,128.9534162,34,34.42574158,611,34.1768076,-118.4821629,
19-04-06 15:08:20,123,128,128.3694267,33,33.3094013,604,34.1767899,-118.4821554,
19-04-06 15:08:20,123,126,126.3385867,34,34.77721814,590,34.1767535,-118.4821388,
19-04-06 15:08:21,124,125,125.9973794,34,34.9488232,582,34.1767351,-118.4821292,
19-04-06 15:08:21,124,124,124.9507914,35,35.32874416,575,34.1767166,-118.4821193,
19-04-06 15:08:21,124,124,124.9507914,35,35.32874416,575,34.1767166,-118.4821193,
19-04-06 15:08:21,124,125,125.4494791,36,36.06602078,568,34.1766981,-118.4821096,
19-04-06 15:08:22,125,126,126.0170644,36,36.33436059,545,34.1766436,-118.4820751,
19-04-06 15:08:22,125,126,126.0170644,36,36.33436059,545,34.1766436,-118.4820751,
19-04-06 15:08:22,125,126,126.0990854,36,36.87626226,538,34.1766255,-118.4820618,
19-04-06 15:08:22,125,121,121.1843871,38,38.71252029,522,34.1765905,-118.4820333,
19-04-06 15:08:22,125,120,120.0557781,38,38.40367748,515,34.1765731,-118.4820177,
19-04-06 15:08:23,126,120,120.0557781,38,38.40367748,515,34.1765731,-118.4820177,
19-04-06 15:08:23,126,118,118.0708699,39,39.58942197,498,34.1765367,-118.4819846,
19-04-06 15:08:23,126,116,116.3910798,39,39.59146824,482,34.1765012,-118.4819502,
19-04-06 15:08:23,126,116,116.3910798,39,39.59146824,482,34.1765012,-118.4819502,
19-04-06 15:08:24,127,114,114.00919,38,38.82360708,474,34.1764832,-118.4819321,
19-04-06 15:08:24,127,115,115.2723134,38,38.8298554,457,34.1764467,-118.4818959,
19-04-06 15:08:24,127,115,115.7349118,39,39.86382549,448,34.176428,-118.4818778,
19-04-06 15:08:24,127,115,115.7349118,39,39.86382549,448,34.176428,-118.4818778,
19-04-06 15:08:24,127,112,112.6640456,42,42.93282964,431,34.1763907,-118.481842,
19-04-06 15:08:25,128,111,111.3681138,42,42.38881913,423,34.1763718,-118.4818229,
19-04-06 15:08:25,128,109,109.4028906,41,41.19911976,405,34.1763337,-118.4817851,
19-04-06 15:08:25,128,106,106.955384,40,40.797932,397,34.1763146,-118.4817659,
19-04-06 15:08:25,128,106,106.6207383,42,42.53946088,388,34.1762952,-118.4817464,
19-04-06 15:08:26,129,108,108.205384,42,42.63468125,379,34.1762763,-118.4817276,
19-04-06 15:08:26,129,108,108.4186386,43,43.82222171,370,34.1762565,-118.481708,
19-04-06 15:08:26,129,107,107.3982974,47,47.20687704,353,34.1762178,-118.4816696,
19-04-06 15:08:26,129,107,107.3982974,47,47.20687704,353,34.1762178,-118.4816696,
19-04-06 15:08:26,129,103,103.5072212,48,48.0413859,344,34.1761986,-118.4816495,
19-04-06 15:08:27,130,103,103.5072212,48,48.0413859,344,34.1761986,-118.4816495,
19-04-06 15:08:27,130,99,99.36352024,48,48.07860361,327,34.1761599,-118.4816089,
19-04-06 15:08:27,130,99,99.36352024,48,48.07860361,327,34.1761599,-118.4816089,
19-04-06 15:08:27,130,94,94.7178508,50,50.14589613,300,34.176102,-118.4815434,
19-04-06 15:08:28,131,94,94.7178508,50,50.14589613,300,34.176102,-118.4815434,
19-04-06 15:08:28,131,95,95.15420252,48,48.99941874,283,34.1760614,-118.4815034,
19-04-06 15:08:28,131,96,96.84055428,47,47.67475318,274,34.1760404,-118.4814855,
19-04-06 15:08:28,131,96,96.84055428,47,47.67475318,274,34.1760404,-118.4814855,
19-04-06 15:08:28,131,96,96.84055428,47,47.67475318,274,34.1760404,-118.4814855,
19-04-06 15:08:29,132,95,95.89567236,41,41.60200024,247,34.1759764,-118.4814334,
19-04-06 15:08:29,132,95,95.89567236,41,41.60200024,247,34.1759764,-118.4814334,
19-04-06 15:08:29,132,96,96.69291648,44,44.04102864,220,34.1759101,-118.4813841,
19-04-06 15:08:29,132,96,96.69291648,44,44.04102864,220,34.1759101,-118.4813841,
19-04-06 15:08:30,133,96,96.69291648,44,44.04102864,220,34.1759101,-118.4813841,
19-04-06 15:08:30,133,95,95.13451748,45,45.1525192,194,34.175845,-118.4813337,
19-04-06 15:08:30,133,95,95.47900568,43,43.37766804,186,34.1758233,-118.4813165,
19-04-06 15:08:30,133,95,95.47900568,43,43.37766804,186,34.1758233,-118.4813165,
19-04-06 15:08:31,134,95,95.02296892,60,60.58753826,169,34.1757802,-118.4812811,
19-04-06 15:08:31,134,97,97.4245438,62,62.41005124,161,34.1757587,-118.4812634,
19-04-06 15:08:31,134,99,99.03871708,55,55.02860553,145,34.1757162,-118.4812299,
19-04-06 15:08:31,134,99,99.03871708,55,55.02860553,145,34.1757162,-118.4812299,
19-04-06 15:08:31,134,99,99.2782184,50,50.78184798,138,34.1756952,-118.4812132,
19-04-06 15:08:32,135,99,99.2782184,50,50.78184798,138,34.1756952,-118.4812132,
19-04-06 15:08:32,135,98,98.96325776,43,43.36628214,116,34.1756314,-118.481165,
19-04-06 15:08:32,135,98,98.96325776,43,43.36628214,116,34.1756314,-118.481165,
19-04-06 15:08:32,135,99,99.0649638,43,43.92503268,116,34.1755879,-118.4811338,Supplies and habitats were dropped!
19-04-06 15:08:32,135,99,99.0649638,43,43.92503268,103,34.1755879,-118.4811338,
19-04-06 15:08:33,136,100,100.4461974,43,43.89129739,98,34.1755666,-118.4811181,
19-04-06 15:08:33,136,101,101.3451476,44,44.38143845,92,34.1755449,-118.4811039,
19-04-06 15:08:33,136,100,100.9186384,43,43.60756676,87,34.1755234,-118.4810893,
19-04-06 15:08:33,136,102,102.709977,42,42.02600048,83,34.175501,-118.4810753,
19-04-06 15:08:33,136,106,106.6108958,42,42.50524061,76,34.1754562,-118.4810483,
19-04-06 15:08:34,137,102,102.6148327,43,43.23931642,74,34.1754334,-118.4810363,
19-04-06 15:08:34,137,104,104.1010532,42,42.21965144,73,34.1754104,-118.4810249,
19-04-06 15:08:34,137,104,104.9343866,41,41.57978852,72,34.1753874,-118.4810145,
19-04-06 15:08:34,137,107,107.2703446,40,41.00026552,72,34.175365,-118.4810057,
19-04-06 15:08:35,138,108,108.615489,40,40.28535081,74,34.1753203,-118.4809906,
19-04-06 15:08:35,138,110,110.9514471,38,38.40283582,76,34.175299,-118.4809853,
19-04-06 15:08:35,138,114,114.7408173,37,37.39269506,78,34.1752788,-118.4809819,
19-04-06 15:08:35,138,116,116.9947544,35,35.87535788,80,34.1752589,-118.4809802,
19-04-06 15:08:35,138,116,116.9947544,35,35.87535788,80,34.1752589,-118.4809802,
19-04-06 15:08:36,139,119,119.1830747,32,32.91627972,84,34.1752227,-118.480981,
19-04-06 15:08:36,139,122,122.6509226,31,31.6525955,86,34.1752059,-118.4809842,
19-04-06 15:08:36,139,123,123.4842559,30,30.31027383,88,34.1751896,-118.4809892,
19-04-06 15:08:36,139,126,126.4042035,28,28.60322804,89,34.1751749,-118.4809957,
19-04-06 15:08:37,140,129,129.4750698,27,27.10051511,90,34.1751619,-118.4810043,
19-04-06 15:08:37,140,136,136.3353062,26,26.06024506,92,34.1751361,-118.4810238,
19-04-06 15:08:37,140,138,138.1791383,25,25.8375474,93,34.1751233,-118.481034,
19-04-06 15:08:37,140,138,138.1791383,25,25.8375474,93,34.1751233,-118.481034,
19-04-06 15:08:37,140,134,134.452104,24,24.84245799,94,34.1751105,-118.4810448,
19-04-06 15:08:38,141,128,128.9927863,27,27.45255798,98,34.1750837,-118.4810676,
19-04-06 15:08:38,141,128,128.9927863,27,27.45255798,98,34.1750837,-118.4810676,
19-04-06 15:08:38,141,115,115.8267754,33,33.71035128,109,34.175036,-118.4811033,
19-04-06 15:08:38,141,115,115.8267754,33,33.71035128,109,34.175036,-118.4811033,
19-04-06 15:08:39,142,109,109.8851741,35,35.70971954,114,34.1750173,-118.4811149,
19-04-06 15:08:39,142,112,112.267064,37,37.45257192,120,34.1749969,-118.4811256,
19-04-06 15:08:39,142,114,114.6587963,38,38.51573734,127,34.1749761,-118.4811352,
19-04-06 15:08:39,142,112,112.4442293,39,39.66270596,141,34.1749339,-118.4811543,
19-04-06 15:08:39,142,111,111.9422608,40,40.40429728,148,34.1749127,-118.481163,
19-04-06 15:08:40,143,108,108.2250691,40,40.60261961,155,34.174891,-118.4811712,
19-04-06 15:08:40,143,104,104.0255939,40,40.40680662,163,34.1748691,-118.4811774,
19-04-06 15:08:40,143,101,101.3910794,40,40.40680662,171,34.174846,-118.4811816,
19-04-06 15:08:40,143,101,101.3910794,42,42.23454165,171,34.174846,-118.4811816,
19-04-06 15:08:41,144,100,100.2624704,42,42.71861586,196,34.1747763,-118.481189,
19-04-06 15:08:41,144,100,100.2624704,42,42.71861586,196,34.1747763,-118.481189,
19-04-06 15:08:41,144,102,102.8116831,39,39.76914641,205,34.1747538,-118.481188,
19-04-06 15:08:41,144,106,106.8700822,37,37.78520027,212,34.1747323,-118.4811852,
19-04-06 15:08:41,144,108,108.5400297,37,37.91059843,220,34.1747118,-118.4811807,
19-04-06 15:08:42,145,107,107.0669326,37,37.91059843,235,34.1746701,-118.4811695,
19-04-06 15:08:42,145,105,105.6003971,39,39.54211997,243,34.1746498,-118.4811614,
19-04-06 15:08:42,145,103,103.858271,39,39.15996502,250,34.1746309,-118.4811522,
19-04-06 15:08:42,145,103,103.1528904,38,38.28077927,257,34.1746131,-118.4811411,
19-04-06 15:08:43,146,104,104.1371424,38,38.74405287,270,34.1745801,-118.4811126,
19-04-06 15:08:43,146,104,104.1371424,38,38.74405287,270,34.1745801,-118.4811126,
19-04-06 15:08:43,146,108,108.6712633,38,38.09894286,281,34.1745544,-118.4810764,
19-04-06 15:08:43,146,111,111.1745442,38,38.57261676,281,34.1745437,-118.4810558,
19-04-06 15:08:43,146,109,109.6325494,40,40.0666878,290,34.1745344,-118.4810342,
19-04-06 15:08:44,147,108,108.1430481,39,39.49334742,290,34.1745198,-118.4809866,
19-04-06 15:08:44,147,107,107.2244129,39,39.72018612,299,34.1745157,-118.4809611,
19-04-06 15:08:44,147,107,107.2244129,40,40.01894463,302,34.1745157,-118.4809611,
19-04-06 15:08:44,147,107,107.7624706,41,41.12692149,308,34.1745126,-118.480908,
19-04-06 15:08:45,148,109,109.4849116,40,40.80713395,310,34.1745146,-118.4808821,
19-04-06 15:08:45,148,109,109.4849116,40,40.80713395,310,34.1745146,-118.4808821,
19-04-06 15:08:45,148,110,110.0885862,44,44.68733387,314,34.1745312,-118.4807999,
19-04-06 15:08:45,148,110,110.0885862,44,44.68733387,314,34.1745312,-118.4807999,
19-04-06 15:08:45,148,109,109.2158828,45,45.05668869,315,34.1745398,-118.4807732,
19-04-06 15:08:46,149,106,106.935699,46,46.66379267,316,34.1745501,-118.4807456,
19-04-06 15:08:46,149,107,107.5754628,48,48.78982627,315,34.1745789,-118.4806916,
19-04-06 15:08:46,149,107,107.5754628,48,48.78982627,315,34.1745789,-118.4806916,
19-04-06 15:08:46,149,108,108.3464602,51,51.12316203,313,34.1746118,-118.4806402,
19-04-06 15:08:47,150,110,110.1640455,50,50.80493266,312,34.1746311,-118.480617,
19-04-06 15:08:47,150,110,110.1640455,50,50.80493266,312,34.1746311,-118.480617,
19-04-06 15:08:47,150,109,109.4685074,52,52.16400934,308,34.1746731,-118.4805723,
19-04-06 15:08:47,150,108,108.6056465,53,53.60666081,308,34.1747199,-118.4805323,
19-04-06 15:08:48,151,109,109.0419982,57,57.01273002,301,34.1747455,-118.4805143,
19-04-06 15:08:48,151,109,109.0419982,57,57.01273002,301,34.1747455,-118.4805143,
19-04-06 15:08:48,151,109,109.763783,58,58.56706902,298,34.1747722,-118.4804981,
19-04-06 15:08:48,151,109,109.4291374,59,59.30663596,295,34.1747998,-118.4804834,
19-04-06 15:08:48,151,106,106.463258,58,58.21170017,289,34.1748568,-118.4804582,
19-04-06 15:08:49,152,106,106.7683761,58,58.06955638,285,34.1748867,-118.4804481,
19-04-06 15:08:49,152,108,108.5301872,57,57.61902661,281,34.1749166,-118.4804402,
19-04-06 15:08:49,152,109,109.9967227,56,56.04132759,277,34.1749467,-118.4804345,
19-04-06 15:08:49,152,111,111.7585338,56,56.04132759,277,34.1749766,-118.4804308,
19-04-06 15:08:50,153,111,111.7585338,56,56.11071303,273,34.1749766,-118.4804308,
19-04-06 15:08:50,153,112,112.5918671,56,56.27337583,262,34.1750663,-118.4804231,
19-04-06 15:08:50,153,108,108.3628644,57,57.12669535,259,34.1750966,-118.4804235,
19-04-06 15:08:50,153,108,108.3628644,57,57.12669535,259,34.1750966,-118.4804235,
19-04-06 15:08:50,153,106,106.8897672,57,57.12669535,255,34.175127,-118.4804251,
19-04-06 15:08:51,154,107,107.0833368,59,59.74752888,251,34.1751575,-118.4804302,
19-04-06 15:08:51,154,104,104.8982973,60,60.26771944,243,34.1752191,-118.4804433,
19-04-06 15:08:51,154,105,105.2493472,60,60.26771944,238,34.1752494,-118.4804539,
19-04-06 15:08:51,154,106,106.443573,60,60.53544286,233,34.1752798,-118.4804668,
19-04-06 15:08:52,155,105,105.2854364,61,61.62037884,229,34.1753099,-118.480481,
19-04-06 15:08:52,155,104,104.4619456,62,63.0062604,223,34.1753393,-118.4804991,
19-04-06 15:08:52,155,101,101.9127329,62,63.0062604,215,34.1753975,-118.4805345,
19-04-06 15:08:52,155,102,102.6640453,61,61.92757587,211,34.1754258,-118.4805538,
19-04-06 15:08:52,155,101,101.2171948,61,61.05800509,206,34.1754537,-118.4805765,
19-04-06 15:08:53,156,101,101.4862237,60,60.76038235,202,34.1754815,-118.4805988,
19-04-06 15:08:53,156,101,101.1876673,60,60.76038235,199,34.1755088,-118.4806226,
19-04-06 15:08:53,156,97,97.851053,62,62.36329992,193,34.1755641,-118.4806719,
19-04-06 15:08:53,156,97,97.851053,64,64.71163539,193,34.1755641,-118.4806719,
19-04-06 15:08:54,157,94,94.73753584,66,66.50934908,192,34.1755917,-118.4806969,
19-04-06 15:08:54,157,90,90.77756196,67,67.19712099,191,34.1756197,-118.4807224,
19-04-06 15:08:54,157,90,90.35105276,67,67.07226099,191,34.1756481,-118.4807491,
19-04-06 15:08:54,157,89,89.9606328,65,65.78234135,192,34.1757048,-118.4808046,
19-04-06 15:08:55,158,88,88.4678506,64,64.5093926,195,34.1757338,-118.4808324,
19-04-06 15:08:55,158,88,88.15288996,64,64.07421297,199,34.1757632,-118.4808596,
19-04-06 15:08:55,158,89,89.00590836,63,63.03550892,203,34.1757932,-118.4808858,
19-04-06 15:08:55,158,89,89.29462228,62,62.80448068,210,34.1758242,-118.4809085,
19-04-06 15:08:55,158,90,90.06233884,63,63.74982602,224,34.1758868,-118.4809538,
19-04-06 15:08:56,159,92,92.33596096,64,64.25848363,233,34.1759182,-118.4809734,
19-04-06 15:08:56,159,93,93.89107912,64,64.25848363,242,34.1759499,-118.4809926,
19-04-06 15:08:56,159,93,93.49409748,64,64.88279615,251,34.1759813,-118.4810111,
19-04-06 15:08:56,159,93,93.585961,64,64.88279615,261,34.1760126,-118.4810317,
19-04-06 15:08:56,159,91,91.96522604,63,63.94031684,281,34.1760759,-118.4810717,
19-04-06 15:08:57,160,91,91.96522604,63,63.67139194,281,34.1760759,-118.4810717,
19-04-06 15:08:57,160,94,94.64239148,63,63.72571508,302,34.1761405,-118.4811071,
19-04-06 15:08:57,160,94,94.64239148,63,63.99953977,302,34.1761405,-118.4811071,
19-04-06 15:08:57,160,93,93.60564604,63,63.74022045,313,34.1761731,-118.4811235,
19-04-06 15:08:58,161,93,93.60564604,63,63.74022045,313,34.1761731,-118.4811235,
19-04-06 15:08:58,161,90,90.77756196,65,65.31770044,348,34.1762727,-118.4811721,
19-04-06 15:08:58,161,90,90.77756196,66,66.20102566,348,34.1762727,-118.4811721,
19-04-06 15:08:58,161,89,89.79330996,65,65.40137222,373,34.1763413,-118.4812018,
19-04-06 15:08:58,161,89,89.79330996,65,65.40137222,373,34.1763413,-118.4812018,
19-04-06 15:08:59,162,92,92.69685336,65,66.00167393,398,34.1764102,-118.4812292,
19-04-06 15:08:59,162,92,92.69685336,65,66.00167393,398,34.1764102,-118.4812292,
19-04-06 15:08:59,162,92,92.97572476,65,65.69500255,423,34.1764795,-118.4812566,
19-04-06 15:08:59,162,93,93.25131532,65,65.17756538,435,34.1765135,-118.4812698,
19-04-06 15:09:00,163,92,92.83464864,64,64.62099252,448,34.1765474,-118.4812834,
19-04-06 15:09:00,163,96,96.4895044,63,63.2894341,485,34.1766467,-118.4813259,
19-04-06 15:09:00,163,96,96.4895044,63,63.28008509,485,34.1766467,-118.4813259,
19-04-06 15:09:00,163,99,99.8523654,62,62.09390569,496,34.1766784,-118.4813413,
19-04-06 15:09:00,163,101,101.8832054,61,61.23534847,508,34.1767103,-118.4813578,
19-04-06 15:09:01,164,101,101.1417355,61,61.23534847,520,34.1767419,-118.4813742,
19-04-06 15:09:01,164,99,99.69488508,61,61.19699499,532,34.176773,-118.4813912,
19-04-06 15:09:01,164,97,97.75918948,62,62.46619537,555,34.1768355,-118.4814261,
19-04-06 15:09:01,164,97,97.10958316,62,62.46619537,568,34.1768672,-118.4814443,
19-04-06 15:09:02,165,100,100.8727066,63,63.64693683,580,34.1768985,-118.4814631,
19-04-06 15:09:02,165,104,104.1535466,63,63.41139678,592,34.1769298,-118.4814828,
19-04-06 15:09:02,165,104,104.1535466,60,60.76876141,592,34.1769298,-118.4814828,
19-04-06 15:09:02,165,100,100.659452,59,59.09445594,627,34.1770217,-118.48154,
19-04-06 15:09:02,165,95,95.90551488,61,61.72726671,639,34.1770522,-118.4815594,
19-04-06 15:09:03,166,98,98.60236536,62,62.29957144,651,34.1770823,-118.4815801,
19-04-06 15:09:03,166,98,98.60236536,62,62.29957144,651,34.1770823,-118.4815801,
19-04-06 15:09:03,166,99,99.76050188,62,62.52648837,662,34.177112,-118.4816009,
19-04-06 15:09:03,166,102,102.3556463,63,63.40085881,674,34.1771408,-118.4816243,
19-04-06 15:09:04,167,105,105.2493472,62,62.75120258,697,34.177198,-118.4816719,
19-04-06 15:09:04,167,106,106.1942291,60,60.16170764,708,34.1772252,-118.481696,
19-04-06 15:09:04,167,106,106.6765126,61,61.1424716,719,34.1772516,-118.481721,
19-04-06 15:09:04,167,105,105.2854364,61,61.1424716,719,34.1772772,-118.4817476,
19-04-06 15:09:04,167,104,104.2650952,59,59.05206624,740,34.1773014,-118.4817752,
19-04-06 15:09:05,168,100,100.9186384,59,59.05206624,761,34.1773478,-118.4818316,
19-04-06 15:09:05,168,100,100.9186384,58,58.30047824,761,34.1773478,-118.4818316,
19-04-06 15:09:05,168,97,97.50000312,57,57.29693624,779,34.1773883,-118.4818925,
19-04-06 15:09:05,168,97,97.50000312,57,57.29693624,779,34.1773883,-118.4818925,
19-04-06 15:09:06,169,97,97.71325772,52,52.41851336,788,34.1774053,-118.4819234,
19-04-06 15:09:06,169,97,97.71325772,52,52.41851336,788,34.1774053,-118.4819234,
19-04-06 15:09:06,169,103,103.9337304,50,50.89944279,802,34.1774321,-118.4819853,
19-04-06 15:09:06,169,106,106.9192948,47,47.64958156,815,34.1774525,-118.4820455,
19-04-06 15:09:06,169,107,107.0669326,48,48.19072292,821,34.1774615,-118.4820755,
19-04-06 15:09:07,170,107,107.0669326,48,48.19072292,821,34.1774615,-118.4820755,
19-04-06 15:09:07,170,107,107.7985599,46,46.59840277,835,34.1774781,-118.4821647,
19-04-06 15:09:07,170,107,107.7985599,46,46.59840277,835,34.1774781,-118.4821647,
19-04-06 15:09:07,170,106,106.3353052,44,44.71886645,842,34.1774806,-118.4822226,
19-04-06 15:09:07,170,106,106.3353052,44,44.71886645,842,34.1774806,-118.4822226,
19-04-06 15:09:08,171,105,105.5741504,43,43.68224935,845,34.1774789,-118.4822525,
19-04-06 15:09:08,171,104,104.4422606,44,44.26344002,851,34.1774666,-118.4823401,
19-04-06 15:09:08,171,104,104.4422606,44,44.26344002,851,34.1774666,-118.4823401,
19-04-06 15:09:08,171,104,104.4422606,43,43.46785409,851,34.1774666,-118.4823401,
19-04-06 15:09:09,172,104,104.311027,43,43.98469991,852,34.1774604,-118.4823682,
19-04-06 15:09:09,172,103,103.4416044,44,44.34035035,853,34.1774528,-118.4823958,
19-04-06 15:09:09,172,102,102.8116831,43,43.51436136,853,34.1774332,-118.482449,
19-04-06 15:09:09,172,102,102.4114206,44,44.34742469,853,34.1774115,-118.4825009,
19-04-06 15:09:10,173,100,100.4297932,45,45.95181595,852,34.1773984,-118.4825262,
19-04-06 15:09:10,173,95,95.04265396,45,45.47200323,851,34.1773847,-118.4825512,
19-04-06 15:09:10,173,95,95.04265396,45,45.47200323,851,34.1773847,-118.4825512,
19-04-06 15:09:10,173,91,91.19422864,46,46.67780367,849,34.1773687,-118.4825743,
19-04-06 15:09:10,173,91,91.19422864,46,46.67780367,849,34.1773687,-118.4825743,
19-04-06 15:09:11,174,83,83.333336,47,47.85108281,842,34.1773135,-118.4826419,
19-04-06 15:09:11,174,81,81.63714172,47,47.88017802,838,34.1772918,-118.4826615,
19-04-06 15:09:11,174,82,82.76903152,48,48.03707747,834,34.1772688,-118.4826793,
19-04-06 15:09:11,174,82,82.76903152,48,48.03707747,834,34.1772688,-118.4826793,
19-04-06 15:09:12,175,83,83.72375596,48,48.03707747,818,34.1771949,-118.482722,
19-04-06 15:09:12,175,81,81.94225984,48,48.98077078,813,34.1771708,-118.4827348,
19-04-06 15:09:12,175,77,77.67716784,47,47.92589056,808,34.1771463,-118.4827464,
19-04-06 15:09:12,175,77,77.67716784,48,48.25867222,808,34.1771463,-118.4827464,
19-04-06 15:09:12,175,73,73.25459552,47,47.67160243,796,34.177096,-118.4827656,
19-04-06 15:09:13,176,69,69.26837492,47,47.58015545,784,34.1770447,-118.4827813,
19-04-06 15:09:13,176,69,69.44554028,47,47.49973141,777,34.1770187,-118.4827864,
19-04-06 15:09:13,176,65,65.30183936,48,48.70153943,770,34.1769934,-118.4827908,
19-04-06 15:09:13,176,65,65.30183936,48,48.70153943,770,34.1769934,-118.4827908,
19-04-06 15:09:14,177,65,65.07874224,49,49.47656567,764,34.1769677,-118.4827941,
19-04-06 15:09:14,177,65,65.07874224,46,46.29945966,764,34.1769677,-118.4827941,
19-04-06 15:09:14,177,63,63.2709994,46,46.29945966,743,34.1768921,-118.4827955,
19-04-06 15:09:14,177,62,62.44750856,44,44.16316967,735,34.1768678,-118.4827936,
19-04-06 15:09:14,177,61,61.65682612,44,44.16316967,728,34.1768436,-118.4827914,
19-04-06 15:09:15,178,61,61.65682612,44,44.16316967,728,34.1768436,-118.4827914,
19-04-06 15:09:15,178,52,52.51640588,43,43.23593413,714,34.1767963,-118.482786,
19-04-06 15:09:15,178,52,52.51640588,43,43.23593413,714,34.1767963,-118.482786,
19-04-06 15:09:15,178,48,48.65157636,41,41.88299313,700,34.1767494,-118.4827798,
19-04-06 15:09:15,178,49,49.41273124,40,40.5354494,686,34.1767046,-118.4827689,
19-04-06 15:09:16,179,49,49.41273124,40,40.5354494,686,34.1767046,-118.4827689,
19-04-06 15:09:16,179,50,50.3116814,40,40.38424759,679,34.1766831,-118.4827631,
19-04-06 15:09:16,179,49,49.57677324,39,39.69927599,672,34.1766622,-118.4827565,
19-04-06 15:09:16,179,48,48.65157636,39,39.69927599,672,34.1766211,-118.4827418,
19-04-06 15:09:17,180,46,46.97178628,36,36.3878671,651,34.1766014,-118.4827331,
19-04-06 15:09:17,180,46,46.97178628,36,36.3878671,651,34.1766014,-118.4827331,
19-04-06 15:09:17,180,46,46.97178628,36,36.3878671,651,34.1766014,-118.4827331,
19-04-06 15:09:17,180,42,42.25393836,35,35.27107001,630,34.1765439,-118.4827069,
19-04-06 15:09:17,180,41,41.0761168,35,35.05132442,617,34.1765063,-118.4826896,
19-04-06 15:09:18,181,41,41.74540816,33,33.37564225,611,34.1764886,-118.4826798,
19-04-06 15:09:18,181,41,41.74540816,33,33.37564225,611,34.1764886,-118.4826798,
19-04-06 15:09:18,181,41,41.420605,33,33.40306977,598,34.1764548,-118.4826601,
19-04-06 15:09:18,181,41,41.420605,33,33.40306977,598,34.1764548,-118.4826601,
19-04-06 15:09:19,182,40,40.83661548,34,34.29967384,585,34.1764229,-118.4826373,
19-04-06 15:09:19,182,39,39.32414824,33,33.23078575,578,34.1764077,-118.4826255,
19-04-06 15:09:19,182,36,36.95210092,32,32.84568341,572,34.1763928,-118.4826128,
19-04-06 15:09:19,182,33,33.01181208,32,32.84568341,565,34.1763785,-118.4825998,
19-04-06 15:09:20,183,31,31.78805876,30,30.17532015,559,34.1763643,-118.4825864,
19-04-06 15:09:20,183,30,30.20341304,30,30.17532015,546,34.1763366,-118.4825599,
19-04-06 15:09:20,183,29,29.84908232,29,29.38393314,540,34.1763226,-118.4825471,
19-04-06 15:09:20,183,28,28.86811116,27,27.85153365,534,34.1763089,-118.4825347,
19-04-06 15:09:20,183,27,27.81824236,26,26.24895087,528,34.1762958,-118.4825227,
19-04-06 15:09:21,184,26,26.25328168,26,26.24895087,522,34.1762822,-118.4825106,
19-04-06 15:09:21,184,25,25.00984332,26,26.36852311,510,34.1762552,-118.4824882,
19-04-06 15:09:21,184,25,25.00984332,26,26.36852311,510,34.1762552,-118.4824882,
19-04-06 15:09:21,184,24,24.60301916,28,28.40162353,498,34.1762275,-118.4824659,
19-04-06 15:09:21,184,24,24.60301916,28,28.40162353,498,34.1762275,-118.4824659,
19-04-06 15:09:22,185,25,25.80708744,28,28.61325601,492,34.1762143,-118.4824545,
19-04-06 15:09:22,185,27,27.12598512,38,38.39261073,487,34.1762009,-118.4824435,
19-04-06 15:09:22,185,23,23.75000076,38,38.39261073,475,34.1761758,-118.4824205,
19-04-06 15:09:22,185,22,22.53608996,31,31.95279329,470,34.1761626,-118.482409,
19-04-06 15:09:23,186,20,20.8661424,29,29.99481037,464,34.1761502,-118.4823977,
19-04-06 15:09:23,186,17,17.87073548,29,29.99481037,459,34.1761374,-118.4823865,
19-04-06 15:09:23,186,17,17.41797956,29,29.48483239,453,34.1761244,-118.4823756,
19-04-06 15:09:23,186,17,17.41797956,29,29.48483239,453,34.1761244,-118.4823756,
19-04-06 15:09:24,187,15,15.58399,29,29.26308433,436,34.1760852,-118.4823413,
19-04-06 15:09:24,187,15,15.9612866,26,26.83413083,430,34.1760722,-118.4823308,
19-04-06 15:09:24,187,14,14.60958052,27,27.61979517,425,34.1760592,-118.4823197,
19-04-06 15:09:24,187,16,16.93569608,27,27.63081186,419,34.1760466,-118.4823091,
19-04-06 15:09:24,187,17,17.54921316,27,27.06121984,409,34.1760211,-118.4822897,
19-04-06 15:09:25,188,17,17.70669348,25,25.28988864,404,34.1760085,-118.4822807,
19-04-06 15:09:25,188,17,17.70669348,24,24.74851418,404,34.1760085,-118.4822807,
19-04-06 15:09:25,188,16,16.93569608,25,25.14589257,399,34.1759959,-118.4822714,
19-04-06 15:09:25,188,14,14.70144404,25,25.97354299,394,34.1759836,-118.4822621,
19-04-06 15:09:26,189,12,12.94947548,25,25.97354299,394,34.1759708,-118.4822524,
19-04-06 15:09:26,189,10,10.4658796,27,27.01992211,378,34.1759449,-118.482233,
19-04-06 15:09:26,189,9,9.85236252,27,27.01992211,373,34.175932,-118.4822234,
19-04-06 15:09:26,189,8,8.50065644,24,24.15488319,368,34.1759187,-118.4822144,
19-04-06 15:09:26,189,8,8.50065644,24,24.15488319,368,34.1759187,-118.4822144,
19-04-06 15:09:27,190,7,7.60170628,23,23.67635174,363,34.1759055,-118.4822054,
19-04-06 15:09:27,190,2,2.788714,25,25.99059367,348,34.1758647,-118.4821797,
19-04-06 15:09:27,190,5,5.05905528,28,28.07918899,343,34.1758509,-118.4821705,
19-04-06 15:09:27,190,5,5.05905528,28,28.07918899,343,34.1758509,-118.4821705,
19-04-06 15:09:28,191,6,6.42388472,28,28.24485236,338,34.1758376,-118.4821613,
19-04-06 15:09:28,191,6,6.42388472,28,28.24485236,338,34.1758376,-118.4821613,
19-04-06 15:09:28,191,6,6.42388472,25,25.24174342,338,34.1758376,-118.4821613,
19-04-06 15:09:28,191,6,6.42388472,25,25.24174342,338,34.1758376,-118.4821613,
19-04-06 15:09:28,191,2,2.25065624,23,23.63400272,313,34.1757711,-118.4821139,
19-04-06 15:09:29,192,0,0.53477692,23,23.63400272,308,34.1757577,-118.4821054,
19-04-06 15:09:29,192,0,0.56430448,25,25.13443315,303,34.1757451,-118.4820969,
19-04-06 15:09:29,192,1,1.38779532,25,25.13443315,299,34.1757334,-118.4820891,
19-04-06 15:09:29,192,0,-0.79724412,23,23.40351891,290,34.1757095,-118.4820728,
19-04-06 15:09:30,193,0,-0.79724412,23,23.40351891,290,34.1757095,-118.4820728,
19-04-06 15:09:30,193,0,-0.79724412,23,23.88207695,290,34.1757095,-118.4820728,
19-04-06 15:09:30,193,-4,-4.7080054,24,24.22458778,281,34.1756846,-118.4820546,
19-04-06 15:09:30,193,-4,-4.63254608,25,25.35894399,277,34.1756733,-118.482045,
19-04-06 15:09:30,193,-6,-6.54199496,25,25.35894399,268,34.1756513,-118.4820263,
19-04-06 15:09:31,194,-6,-6.54199496,25,25.35894399,268,34.1756513,-118.4820263,
19-04-06 15:09:31,194,-10,-10.60367488,25,25.35894399,259,34.1756291,-118.4820074,
19-04-06 15:09:31,194,-11,-11.19750692,25,25.35894399,255,34.1756175,-118.4819982,
19-04-06 15:09:31,194,-11,-11.19750692,25,25.35894399,255,34.1756175,-118.4819982,
19-04-06 15:09:32,195,-10,-10.08530216,23,23.21759465,244,34.175585,-118.4819766,
19-04-06 15:09:32,195,-7,-7.67388476,23,23.21759465,241,34.1755747,-118.4819697,
19-04-06 15:09:32,195,-7,-7.67388476,21,21.05864394,241,34.1755747,-118.4819697,
19-04-06 15:09:32,195,-7,-7.67388476,21,21.05864394,241,34.1755747,-118.4819697,
19-04-06 15:09:32,195,-7,-7.00787424,21,21.05864394,233,34.1755444,-118.4819557,
19-04-06 15:09:33,196,-7,-7.00787424,21,21.05864394,233,34.1755444,-118.4819557,
19-04-06 15:09:33,196,-7,-7.00787424,17,17.42238503,233,34.1755444,-118.4819557,
19-04-06 15:09:33,196,-7,-7.00787424,17,17.42238503,233,34.1755444,-118.4819557,
19-04-06 15:09:33,196,-6,-6.54199496,16,16.32265897,226,34.1755053,-118.4819491,
19-04-06 15:09:34,197,-6,-6.2828086,16,16.00298564,225,34.1754963,-118.4819503,
19-04-06 15:09:34,197,-6,-6.50590572,15,15.91034187,225,34.1754874,-118.4819527,
19-04-06 15:09:34,197,-6,-6.32217868,15,15.91034187,225,34.1754694,-118.4819566,
19-04-06 15:09:34,197,-6,-6.32217868,15,15.91034187,225,34.1754694,-118.4819566,
19-04-06 15:09:34,197,-6,-6.76509208,16,16.1518017,224,34.1754525,-118.4819579,
19-04-06 15:09:35,198,-6,-6.43372724,14,14.36516102,223,34.1754452,-118.4819569,
19-04-06 15:09:35,198,-6,-6.06299232,13,13.78785325,222,34.1754382,-118.4819549,
19-04-06 15:09:35,198,-6,-6.06299232,12,12.39267352,222,34.1754382,-118.4819549,
19-04-06 15:09:35,198,-6,-6.74868788,12,12.39267352,219,34.1754251,-118.4819492,
19-04-06 15:09:35,198,-6,-6.74868788,11,11.66682425,219,34.1754251,-118.4819492,
19-04-06 15:09:36,199,-6,-6.67322856,11,11.38308188,216,34.1754144,-118.4819415,
19-04-06 15:09:36,199,-6,-6.67322856,10,10.74923809,216,34.1754144,-118.4819415,
19-04-06 15:09:36,199,-7,-7.135827,9,9.923327318,211,34.1754004,-118.4819287,
19-04-06 15:09:36,199,-7,-7.135827,9,9.923327318,211,34.1754004,-118.4819287,
19-04-06 15:09:37,200,-7,-7.86089264,9,9.527233321,210,34.175396,-118.4819249,
19-04-06 15:09:37,200,-7,-7.09973776,9,9.275062644,209,34.1753919,-118.481921,
19-04-06 15:09:37,200,-6,-6.39435716,9,9.489928009,207,34.1753874,-118.4819176,
19-04-06 15:09:37,200,-6,-6.52559076,10,10.07142296,206,34.1753825,-118.4819142,
19-04-06 15:09:37,200,-5,-5.8562994,9,9.888996762,204,34.1753725,-118.4819087,
19-04-06 15:09:38,201,-7,-7.17519708,10,10.70457606,203,34.1753671,-118.4819055,
19-04-06 15:09:38,201,-7,-7.58202124,11,11.05654228,202,34.1753621,-118.4819021,
19-04-06 15:09:38,201,-6,-6.17126004,11,11.27400381,200,34.1753572,-118.4818983,
19-04-06 15:09:38,201,-5,-5.89566948,11,11.95304623,199,34.1753527,-118.4818937,
19-04-06 15:09:39,202,-5,-5.89566948,11,11.95304623,199,34.1753527,-118.4818937,
19-04-06 15:09:39,202,-7,-7.15551204,11,11.77629186,195,34.1753383,-118.4818801,
19-04-06 15:09:39,202,-7,-7.15551204,11,11.77629186,195,34.1753383,-118.4818801,
19-04-06 15:09:39,202,-7,-7.1194228,11,11.48476334,192,34.1753279,-118.4818717,
19-04-06 15:09:40,203,-6,-6.09908156,11,11.48476334,192,34.1753221,-118.4818682,
19-04-06 15:09:40,203,-7,-7.45078764,12,12.27259988,189,34.1753098,-118.4818615,
19-04-06 15:09:40,203,-7,-7.45078764,12,12.27259988,189,34.1753098,-118.4818615,
19-04-06 15:09:40,203,-7,-7.45078764,12,12.27259988,189,34.1753098,-118.4818615,
19-04-06 15:09:40,203,-7,-7.6935698,11,11.85938089,186,34.1752915,-118.4818526,
19-04-06 15:09:41,204,-7,-7.6935698,11,11.85938089,186,34.1752915,-118.4818526,
19-04-06 15:09:41,204,-7,-7.545932,11,11.70079577,186,34.1752856,-118.4818503,
19-04-06 15:09:41,204,-6,-6.61745428,11,11.1901091,184,34.1752685,-118.4818444,
19-04-06 15:09:41,204,-6,-6.61745428,11,11.1901091,184,34.1752685,-118.4818444,
19-04-06 15:09:42,205,-6,-6.52559076,10,10.24784568,184,34.1752635,-118.4818422,
19-04-06 15:09:42,205,-7,-7.06364852,9,9.26124563,183,34.1752589,-118.48184,
19-04-06 15:09:42,205,-6,-6.56168,8,8.918163004,182,34.1752495,-118.4818357,
19-04-06 15:09:42,205,-7,-7.04396348,8,8.438680386,182,34.1752453,-118.4818335,
19-04-06 15:09:42,205,-6,-6.93241492,8,8.651175644,182,34.1752413,-118.4818312,
19-04-06 15:09:43,206,-6,-6.52559076,7,7.529106437,181,34.1752384,-118.4818291,
19-04-06 15:09:43,206,-6,-6.82086636,7,7.018001285,180,34.1752359,-118.4818263,
19-04-06 15:09:43,206,-6,-6.72900284,5,5.890861381,179,34.1752322,-118.4818203,
19-04-06 15:09:43,206,-6,-6.46981648,5,5.77921609,178,34.1752311,-118.4818176,
19-04-06 15:09:44,207,-7,-7.04396348,4,4.240888602,178,34.1752299,-118.4818157,
19-04-06 15:09:44,207,-6,-6.9881892,3,3.309805355,177,34.175229,-118.4818144,
19-04-06 15:09:44,207,-6,-6.9881892,3,3.309805355,177,34.175229,-118.4818144,
19-04-06 15:09:44,207,-6,-6.9881892,3,3.309805355,177,34.175229,-118.4818144,
19-04-06 15:09:44,207,-6,-6.82086636,1,1.801436634,177,34.1752272,-118.4818127,
19-04-06 15:09:45,208,-6,-6.82086636,1,1.801436634,177,34.1752272,-118.4818127,
19-04-06 15:09:45,208,-6,-6.04330728,0,0.710885584,177,34.1752271,-118.4818121,
19-04-06 15:09:45,208,-6,-6.96850416,0,0.527330698,177,34.1752272,-118.481812,
19-04-06 15:09:45,208,-6,-6.96850416,0,0.527330698,177,34.1752272,-118.481812,
19-04-06 15:09:46,209,-6,-6.04330728,0,0.231145691,176,34.1752276,-118.4818112,
19-04-06 15:09:46,209,-6,-6.04330728,0,0.231145691,176,34.1752276,-118.4818112,
19-04-06 15:09:46,209,-6,-6.37795296,0,0.431632241,176,34.1752277,-118.4818109,
19-04-06 15:09:46,209,-6,-6.95209996,0,0.081007424,176,34.1752278,-118.4818102,
19-04-06 15:09:46,209,-6,-6.52559076,0,0.066658377,176,34.1752278,-118.4818099,
19-04-06 15:09:47,210,-6,-6.52559076,0,0.066658377,176,34.1752278,-118.4818099,
19-04-06 15:09:47,210,-6,-6.58136504,0,0.275181972,176,34.1752281,-118.4818093,
19-04-06 15:09:47,210,-6,-6.1351708,0,0.15842807,176,34.1752282,-118.4818091,
19-04-06 15:09:47,210,-6,-6.54199496,0,0.364167427,176,34.1752282,-118.4818089,
19-04-06 15:09:48,211,-6,-6.6929136,0,0.250508816,176,34.1752283,-118.4818088,
19-04-06 15:09:48,211,-6,-6.67322856,0,0.325691484,176,34.1752284,-118.4818085,
19-04-06 15:09:48,211,-6,-6.63713932,0,0.066558003,175,34.1752283,-118.4818083,
19-04-06 15:09:48,211,-6,-6.67322856,0,0.051182459,175,34.1752284,-118.4818081,
19-04-06 15:09:48,211,-6,-6.35826792,0,0.036016411,175,34.1752285,-118.4818079,
19-04-06 15:09:49,212,-6,-6.46981648,0,0.071589687,175,34.1752286,-118.4818077,
19-04-06 15:09:49,212,-6,-6.67322856,0,0.021498895,175,34.1752286,-118.4818075,
19-04-06 15:09:49,212,-6,-6.76509208,0,0.165038469,175,34.1752286,-118.4818073,
19-04-06 15:09:49,212,-6,-6.61745428,0,0.234825295,175,34.1752285,-118.4818071,
19-04-06 15:09:50,213,-6,-6.15485584,0,0.253512075,175,34.1752285,-118.4818068,
19-04-06 15:09:50,213,-6,-6.15485584,0,0.550864658,175,34.1752285,-118.4818066,
19-04-06 15:09:50,213,-6,-6.15485584,0,0.550864658,175,34.1752285,-118.4818066,
19-04-06 15:09:50,213,-5,-5.95144376,0,0.550864658,175,34.1752288,-118.4818059,
19-04-06 15:09:50,213,-6,-6.2828086,0,0.14645345,175,34.175229,-118.4818057,
19-04-06 15:09:51,214,-6,-6.33858288,0,0.136808247,175,34.175229,-118.4818055,
19-04-06 15:09:51,214,-6,-6.65354352,0,0.123537267,175,34.175229,-118.4818054,
19-04-06 15:09:51,214,-6,-6.6929136,0,0.196173781,175,34.175229,-118.4818053,
19-04-06 15:09:51,214,-6,-6.6929136,0,0.170381144,175,34.1752289,-118.4818052,
19-04-06 15:09:52,215,-6,-6.7093178,0,0.136093744,175,34.1752289,-118.4818052,
19-04-06 15:09:52,215,-6,-6.61745428,0,0.058588087,175,34.1752289,-118.4818053,
19-04-06 15:09:52,215,-6,-6.67322856,0,0.046812521,175,34.175229,-118.4818053,
19-04-06 15:09:52,215,-6,-6.67322856,0,0.046812521,175,34.175229,-118.4818053,
19-04-06 15:09:52,215,-6,-6.17126004,0,0.106618105,174,34.1752294,-118.4818051,
19-04-06 15:09:53,216,-6,-6.17126004,0,0.106618105,174,34.1752294,-118.4818051,
19-04-06 15:09:53,216,-6,-6.19094508,0,0.069163903,174,34.1752294,-118.4818051,
19-04-06 15:09:53,216,-5,-5.8562994,0,0.352058473,174,34.1752294,-118.4818051,
19-04-06 15:09:53,216,-5,-5.8562994,0,0.352058473,174,34.1752294,-118.4818051,
19-04-06 15:09:54,217,-6,-6.00721804,0,0.251350624,174,34.1752296,-118.481805,
19-04-06 15:09:54,217,-6,-6.22703432,0,0.404373357,174,34.1752296,-118.4818051,
19-04-06 15:09:54,217,-6,-6.11548576,0,0.292844493,174,34.1752296,-118.4818051,
19-04-06 15:09:54,217,-6,-6.2664044,0,0.292844493,174,34.1752299,-118.4818051,
19-04-06 15:09:54,217,-5,-5.95144376,0,0.268509767,174,34.1752297,-118.4818052,
19-04-06 15:09:55,218,-6,-6.56168,0,0.320811915,174,34.1752297,-118.4818051,
19-04-06 15:09:55,218,-5,-5.87598444,0,0.30355089,174,34.1752297,-118.4818053,
19-04-06 15:09:55,218,-5,-5.65288732,0,0.307282169,175,34.1752296,-118.4818054,
19-04-06 15:09:55,218,-4,-4.74409464,1,1.143081996,174,34.1752289,-118.4818048,
19-04-06 15:09:56,219,-4,-4.02230984,0,0.727579823,174,34.1752285,-118.4818047,
19-04-06 15:09:56,219,-4,-4.02230984,0,0.727579823,174,34.1752285,-118.4818047,
19-04-06 15:09:56,219,-2,-2.98228356,1,1.288660968,175,34.1752271,-118.4818048,
19-04-06 15:09:56,219,-2,-2.5754594,1,1.32665189,174,34.1752262,-118.4818043,
19-04-06 15:09:57,220,-2,-2.63123368,1,1.636744185,174,34.1752243,-118.4818029,
19-04-06 15:09:57,220,-2,-2.63123368,2,2.027171242,174,34.1752243,-118.4818029,
19-04-06 15:09:57,220,-3,-3.0019686,2,2.429698552,174,34.1752232,-118.4818018,
19-04-06 15:09:57,220,-2,-2.89042004,2,2.554677841,173,34.175221,-118.4817994,
19-04-06 15:09:57,220,-2,-2.870735,2,2.738227691,173,34.1752198,-118.4817983,
19-04-06 15:09:58,221,-3,-3.26115496,3,3.110400043,173,34.1752181,-118.4817974,
19-04-06 15:09:58,221,-2,-2.706693,3,3.381235501,173,34.175216,-118.4817969,
19-04-06 15:09:58,221,-3,-3.4284778,3,3.515838359,173,34.1752142,-118.4817959,
19-04-06 15:09:58,221,-3,-3.59580064,3,3.431115282,172,34.1752105,-118.4817938,
19-04-06 15:09:58,221,-3,-3.59580064,3,3.431115282,172,34.1752105,-118.4817938,
19-04-06 15:09:59,222,-3,-3.18897648,3,3.557930426,172,34.1752088,-118.4817928,
19-04-06 15:09:59,222,-2,-2.8543308,3,3.706586918,172,34.175207,-118.481792,
19-04-06 15:09:59,222,-3,-3.5761156,3,3.612142494,172,34.1752053,-118.481791,
