Time:,time(sec),Altitude:,Raw Altitude:,Groundspeed:,Raw Groundspeed:,Dist. to Waypoint,Latitude:,Longitude:,Notes
19-04-07 11:11:01,0,-1,-1.27624676,0,0.193998385,227,34.1755359,-118.4819506,
19-04-07 11:11:01,0,-1,-1.27624676,0,0.193998385,227,34.1755359,-118.4819506,
19-04-07 11:11:02,1,-1,-1.27624676,0,0.193998385,227,34.1755359,-118.4819506,
19-04-07 11:11:02,1,-1,-1.27624676,0,0.193998385,227,34.1755359,-118.4819506,
19-04-07 11:11:02,1,-1,-1.92585308,0,0.342573918,228,34.1755416,-118.48195,
19-04-07 11:11:02,1,-1,-1.92585308,0,0.342573918,228,34.1755416,-118.48195,
19-04-07 11:11:02,1,-1,-1.92585308,0,0.342573918,228,34.1755416,-118.48195,
19-04-07 11:11:03,2,-1,-1.92585308,0,0.342573918,228,34.1755416,-118.48195,
19-04-07 11:11:03,2,-1,-1.92585308,0,0.342573918,228,34.1755416,-118.48195,
19-04-07 11:11:03,2,-1,-1.70275596,0,0.309095584,229,34.1755489,-118.4819528,
19-04-07 11:11:03,2,-1,-1.70275596,0,0.309095584,229,34.1755489,-118.4819528,
19-04-07 11:11:04,3,-1,-1.70275596,0,0.309095584,229,34.1755489,-118.4819528,
19-04-07 11:11:04,3,-1,-1.70275596,0,0.309095584,229,34.1755489,-118.4819528,
19-04-07 11:11:04,3,-1,-1.8700788,0,0.309095584,230,34.1755497,-118.4819538,
19-04-07 11:11:04,3,-1,-1.8700788,0,0.14820238,230,34.1755497,-118.4819538,
19-04-07 11:11:04,3,-1,-1.8700788,0,0.14820238,230,34.1755497,-118.4819538,
19-04-07 11:11:05,4,-1,-1.8700788,0,0.14820238,230,34.1755497,-118.4819538,
19-04-07 11:11:05,4,-1,-1.92585308,0,0.14820238,230,34.1755499,-118.4819535,
19-04-07 11:11:05,4,-1,-1.92585308,0,0.101493869,230,34.1755499,-118.4819535,
19-04-07 11:11:05,4,-1,-1.92585308,0,0.101493869,230,34.1755499,-118.4819535,
19-04-07 11:11:06,5,-1,-1.92585308,0,0.101493869,230,34.1755499,-118.4819535,
19-04-07 11:11:06,5,-1,-1.92585308,0,0.101493869,230,34.1755499,-118.4819535,
19-04-07 11:11:06,5,-1,-1.92585308,0,0.101493869,230,34.1755499,-118.4819535,
19-04-07 11:11:06,5,-2,-2.18503944,0,0.101493869,230,34.1755502,-118.4819541,
19-04-07 11:11:06,5,-2,-2.18503944,0,0.166581397,230,34.1755502,-118.4819541,
19-04-07 11:11:07,6,-2,-2.18503944,0,0.166581397,230,34.1755502,-118.4819541,
19-04-07 11:11:07,6,-1,-1.68635176,0,0.166581397,230,34.1755498,-118.4819546,
19-04-07 11:11:07,6,-1,-1.68635176,0,0.166581397,230,34.1755498,-118.4819546,
19-04-07 11:11:07,6,-1,-1.68635176,0,0.166581397,230,34.1755498,-118.4819546,
19-04-07 11:11:08,7,-1,-1.68635176,0,0.086682961,230,34.1755498,-118.4819546,
19-04-07 11:11:08,7,-1,-1.68635176,0,0.086682961,230,34.1755498,-118.4819546,
19-04-07 11:11:08,7,-2,-2.37204732,0,0.086682961,230,34.1755501,-118.4819556,
19-04-07 11:11:08,7,-2,-2.37204732,0,0.086682961,230,34.1755501,-118.4819556,
19-04-07 11:11:08,7,-2,-2.37204732,0,0.146003677,230,34.1755501,-118.4819556,
19-04-07 11:11:09,8,-2,-2.37204732,0,0.146003677,230,34.1755501,-118.4819556,
19-04-07 11:11:09,8,-2,-2.37204732,0,0.146003677,230,34.1755501,-118.4819556,
19-04-07 11:11:09,8,-1,-1.79790032,0,0.146003677,230,34.1755499,-118.4819556,
19-04-07 11:11:09,8,-1,-1.79790032,0,0.165298005,230,34.1755499,-118.4819556,
19-04-07 11:11:09,8,-1,-1.79790032,0,0.165298005,230,34.1755499,-118.4819556,
19-04-07 11:11:10,9,-1,-1.79790032,0,0.165298005,230,34.1755499,-118.4819556,
19-04-07 11:11:10,9,-1,-1.79790032,0,0.165298005,230,34.1755499,-118.4819556,
19-04-07 11:11:10,9,-2,-2.31627304,0,0.165298005,231,34.1755509,-118.4819563,
19-04-07 11:11:10,9,-2,-2.31627304,0,0.165298005,231,34.1755509,-118.4819563,
19-04-07 11:11:11,10,-2,-2.31627304,0,0.165298005,231,34.1755509,-118.4819563,
19-04-07 11:11:11,10,-2,-2.31627304,0,0.165298005,231,34.1755509,-118.4819563,
19-04-07 11:11:11,10,-2,-2.39173236,0,0.165298005,231,34.1755523,-118.4819576,
19-04-07 11:11:11,10,-2,-2.39173236,0,0.165298005,231,34.1755523,-118.4819576,
19-04-07 11:11:11,10,-2,-2.39173236,0,0.182212669,231,34.1755523,-118.4819576,
19-04-07 11:11:12,11,-2,-2.39173236,0,0.182212669,231,34.1755523,-118.4819576,
19-04-07 11:11:12,11,-1,-1.94553812,0,0.182212669,231,34.1755524,-118.4819579,
19-04-07 11:11:12,11,-1,-1.94553812,0,0.182212669,231,34.1755524,-118.4819579,
19-04-07 11:11:12,11,-1,-1.94553812,0,0.199587506,231,34.1755524,-118.4819579,
19-04-07 11:11:13,12,-1,-1.94553812,0,0.199587506,231,34.1755524,-118.4819579,
19-04-07 11:11:13,12,-1,-1.94553812,0,0.199587506,231,34.1755524,-118.4819579,
19-04-07 11:11:13,12,-2,-2.22440952,0,0.199587506,232,34.1755539,-118.4819591,
19-04-07 11:11:13,12,-2,-2.22440952,0,0.199587506,232,34.1755539,-118.4819591,
19-04-07 11:11:13,12,-2,-2.22440952,0,0.173302894,232,34.1755539,-118.4819591,
19-04-07 11:11:14,13,-2,-2.22440952,0,0.141849856,232,34.1755539,-118.4819591,
19-04-07 11:11:14,13,-2,-2.22440952,0,0.11526106,232,34.1755539,-118.4819591,
19-04-07 11:11:14,13,-2,-2.16863524,0,0.11526106,232,34.1755555,-118.4819607,
19-04-07 11:11:14,13,-2,-2.16863524,0,0.14596893,232,34.1755555,-118.4819607,
19-04-07 11:11:14,13,-2,-2.8543308,0,0.151197744,233,34.1755557,-118.4819611,
19-04-07 11:11:15,14,-2,-2.8543308,0,0.151197744,233,34.1755557,-118.4819611,
19-04-07 11:11:15,14,-2,-2.2801838,0,0.144405994,233,34.1755554,-118.481961,
19-04-07 11:11:15,14,-2,-2.2801838,0,0.144405994,233,34.1755554,-118.481961,
19-04-07 11:11:15,14,-2,-2.59514444,0,0.123823704,233,34.1755554,-118.481961,
19-04-07 11:11:16,15,-2,-2.96587936,0,0.108028069,233,34.1755553,-118.481961,
19-04-07 11:11:16,15,-2,-2.46391084,0,0.108028069,233,34.1755554,-118.481961,
19-04-07 11:11:16,15,-2,-2.33595808,0,0.082592817,233,34.1755553,-118.4819609,
19-04-07 11:11:16,15,-2,-2.55577436,0,0.109789161,233,34.1755553,-118.4819609,
19-04-07 11:11:16,15,-2,-2.55577436,0,0.109789161,233,34.1755553,-118.4819609,
19-04-07 11:11:17,16,-2,-2.55577436,0,0.109789161,233,34.1755553,-118.4819609,
19-04-07 11:11:17,16,-2,-2.68700796,0,0.090165705,232,34.1755553,-118.4819608,
19-04-07 11:11:17,16,-2,-2.68700796,0,0.066249633,232,34.1755553,-118.4819608,
19-04-07 11:11:17,16,-2,-2.296588,0,0.066249633,232,34.1755551,-118.4819607,
19-04-07 11:11:18,17,-2,-2.296588,0,0.07813213,232,34.1755551,-118.4819607,
19-04-07 11:11:18,17,-2,-2.76246728,0,0.07813213,232,34.1755551,-118.4819607,
19-04-07 11:11:18,17,-2,-2.76246728,0,0.07813213,232,34.1755551,-118.4819607,
19-04-07 11:11:18,17,-2,-2.83464576,0,0.078169371,232,34.1755551,-118.4819605,
19-04-07 11:11:18,17,-2,-2.83464576,0,0.059229129,232,34.1755551,-118.4819605,
19-04-07 11:11:19,18,-2,-2.40813656,0,0.059229129,232,34.1755551,-118.4819605,
19-04-07 11:11:19,18,-2,-2.66732292,0,0.061182945,232,34.1755551,-118.4819604,
19-04-07 11:11:19,18,-2,-2.66732292,0,0.061182945,232,34.1755551,-118.4819604,
19-04-07 11:11:19,18,-2,-2.66732292,0,0.061182945,232,34.1755551,-118.4819604,
19-04-07 11:11:20,19,-2,-2.66732292,0,0.185321025,232,34.1755551,-118.4819604,
19-04-07 11:11:20,19,-2,-2.66732292,0,0.185321025,232,34.1755551,-118.4819604,
19-04-07 11:11:20,19,-2,-2.66732292,0,0.154195001,232,34.1755551,-118.4819604,
19-04-07 11:11:20,19,-1,-1.98162736,0,0.154195001,232,34.1755552,-118.4819604,
19-04-07 11:11:20,19,-2,-2.91010508,0,0.120850866,232,34.1755552,-118.4819605,
19-04-07 11:11:21,20,-2,-2.77887148,0,0.156885265,232,34.1755552,-118.4819605,
19-04-07 11:11:21,20,-2,-2.7230972,0,0.156885265,232,34.1755553,-118.4819607,
19-04-07 11:11:21,20,-2,-2.7230972,0,0.166910452,232,34.1755553,-118.4819607,
19-04-07 11:11:21,20,-2,-2.37204732,0,0.166910452,232,34.1755553,-118.4819607,
19-04-07 11:11:22,21,-2,-2.37204732,0,0.166910452,232,34.1755553,-118.4819607,
19-04-07 11:11:22,21,-2,-2.37204732,0,0.136926374,232,34.1755553,-118.4819607,
19-04-07 11:11:22,21,-2,-2.16863524,0,0.136926374,233,34.1755554,-118.481961,
19-04-07 11:11:22,21,-2,-2.16863524,0,0.136926374,233,34.1755554,-118.481961,
19-04-07 11:11:22,21,-2,-2.16863524,0,0.136926374,233,34.1755554,-118.481961,
19-04-07 11:11:23,22,-2,-2.16863524,0,0.136926374,233,34.1755554,-118.481961,
19-04-07 11:11:23,22,-2,-2.16863524,0,0.136926374,233,34.1755554,-118.481961,
19-04-07 11:11:23,22,-2,-2.16863524,0,0.136926374,233,34.1755554,-118.481961,
19-04-07 11:11:23,22,-2,-2.16863524,0,0.136926374,233,34.1755554,-118.481961,
19-04-07 11:11:24,23,-2,-2.16863524,0,0.136926374,233,34.1755554,-118.481961,
19-04-07 11:11:24,23,-2,-2.16863524,0,0.136926374,233,34.1755554,-118.481961,
19-04-07 11:11:24,23,-2,-2.16863524,0,0.136926374,233,34.1755554,-118.481961,
19-04-07 11:11:24,23,-2,-2.16863524,0,0.136926374,233,34.1755554,-118.481961,
19-04-07 11:11:24,23,-2,-2.16863524,0,0.136926374,233,34.1755554,-118.481961,
19-04-07 11:11:25,24,-3,-3.05774288,0,0.147610355,233,34.1755563,-118.4819625,
19-04-07 11:11:25,24,-3,-3.05774288,0,0.147610355,233,34.1755563,-118.4819625,
19-04-07 11:11:25,24,-3,-3.05774288,0,0.147610355,233,34.1755563,-118.4819625,
19-04-07 11:11:25,24,-3,-3.05774288,0,0.147610355,233,34.1755563,-118.4819625,
19-04-07 11:11:25,24,-3,-3.16929144,0,0.10282607,234,34.1755577,-118.4819637,
19-04-07 11:11:26,25,-2,-2.50000008,0,0.092359018,234,34.1755581,-118.481964,
19-04-07 11:11:26,25,-2,-2.50000008,0,0.092359018,234,34.1755581,-118.481964,
19-04-07 11:11:26,25,-2,-2.4442258,0,0.118460043,234,34.1755591,-118.4819646,
19-04-07 11:11:26,25,-2,-2.22440952,0,0.118460043,234,34.1755594,-118.4819648,
19-04-07 11:11:27,26,-2,-2.22440952,0,0.118460043,234,34.1755594,-118.4819648,
19-04-07 11:11:27,26,-2,-2.2801838,0,0.091849382,234,34.1755597,-118.4819651,
19-04-07 11:11:27,26,-3,-3.07742792,0,0.091849382,234,34.1755601,-118.4819653,
19-04-07 11:11:27,26,-3,-3.07742792,0,0.091849382,234,34.1755601,-118.4819653,
19-04-07 11:11:27,26,-2,-2.07349088,0,0.115063099,235,34.1755609,-118.4819661,
19-04-07 11:11:28,27,-2,-2.07349088,0,0.115063099,235,34.1755609,-118.4819661,
19-04-07 11:11:28,27,-2,-2.07349088,0,0.281633544,235,34.1755609,-118.4819661,
19-04-07 11:11:28,27,-2,-2.07349088,0,0.281633544,235,34.1755609,-118.4819661,
19-04-07 11:11:28,27,-2,-2.76246728,1,1.548724274,234,34.1755592,-118.4819649,
19-04-07 11:11:29,28,-2,-2.76246728,1,1.548724274,234,34.1755592,-118.4819649,
19-04-07 11:11:29,28,-2,-2.76246728,1,1.548724274,234,34.1755592,-118.4819649,
19-04-07 11:11:29,28,-3,-3.81889776,3,3.953100238,231,34.1755503,-118.4819577,
19-04-07 11:11:29,28,-4,-4.04199488,3,3.953100238,230,34.1755474,-118.481955,
19-04-07 11:11:29,28,-4,-4.04199488,3,3.953100238,230,34.1755474,-118.481955,
19-04-07 11:11:30,29,-4,-4.04199488,3,3.953100238,230,34.1755474,-118.481955,
19-04-07 11:11:30,29,-4,-4.04199488,8,8.629868157,230,34.1755474,-118.481955,
19-04-07 11:11:30,29,-4,-4.0026248,9,9.897257716,223,34.1755326,-118.4819388,
19-04-07 11:11:30,29,-4,-4.5603676,10,10.90223977,221,34.1755275,-118.4819341,
19-04-07 11:11:31,30,-4,-4.5603676,10,10.90223977,221,34.1755275,-118.4819341,
19-04-07 11:11:31,30,-4,-4.9868768,12,12.46331676,215,34.1755082,-118.4819203,
19-04-07 11:11:31,30,-4,-4.9868768,12,12.46331676,215,34.1755082,-118.4819203,
19-04-07 11:11:31,30,-4,-4.9868768,14,14.35554293,215,34.1755082,-118.4819203,
19-04-07 11:11:31,30,-4,-4.16994764,15,15.08323588,210,34.1754936,-118.4819106,
19-04-07 11:11:32,31,-5,-5.003281,15,15.08323588,207,34.1754862,-118.4819043,
19-04-07 11:11:32,31,-5,-5.003281,15,15.70057731,207,34.1754862,-118.4819043,
19-04-07 11:11:32,31,-5,-5.003281,15,15.70057731,207,34.1754862,-118.4819043,
19-04-07 11:11:32,31,-5,-5.003281,17,17.62540065,207,34.1754862,-118.4819043,
19-04-07 11:11:32,31,-5,-5.24606316,17,17.62540065,195,34.1754567,-118.4818739,
19-04-07 11:11:33,32,-5,-5.37401592,17,17.62540065,189,34.1754397,-118.4818568,
19-04-07 11:11:33,32,-5,-5.61679808,21,21.09649211,185,34.1754299,-118.4818482,
19-04-07 11:11:33,32,-5,-5.61679808,21,21.09649211,185,34.1754299,-118.4818482,
19-04-07 11:11:33,32,-6,-6.39435716,22,22.21144162,175,34.1753971,-118.4818244,
19-04-07 11:11:34,33,-6,-6.39435716,22,22.21144162,175,34.1753971,-118.4818244,
19-04-07 11:11:34,33,-7,-7.06364852,23,23.83184009,172,34.1753853,-118.4818168,
19-04-07 11:11:34,33,-7,-7.06364852,23,23.83184009,172,34.1753853,-118.4818168,
19-04-07 11:11:34,33,-7,-7.06364852,23,23.83184009,172,34.1753853,-118.4818168,
19-04-07 11:11:34,33,-7,-7.06364852,23,23.83184009,172,34.1753853,-118.4818168,
19-04-07 11:11:35,34,-7,-7.06364852,23,23.83184009,172,34.1753853,-118.4818168,
19-04-07 11:11:35,34,-7,-7.06364852,23,23.83184009,172,34.1753853,-118.4818168,
19-04-07 11:11:35,34,-7,-7.06364852,23,23.83184009,172,34.1753853,-118.4818168,
19-04-07 11:11:35,34,-7,-7.35892412,27,27.58972689,147,34.1752819,-118.4817437,
19-04-07 11:11:36,35,-7,-7.35892412,27,27.58972689,147,34.1752819,-118.4817437,
19-04-07 11:11:36,35,-6,-6.80446216,52,52.18264479,142,34.1752529,-118.4817239,
19-04-07 11:11:36,35,-6,-6.80446216,52,52.18264479,142,34.1752529,-118.4817239,
19-04-07 11:11:36,35,-6,-6.80446216,52,52.18264479,142,34.1752529,-118.4817239,
19-04-07 11:11:36,35,-6,-6.80446216,34,34.6404904,142,34.1752529,-118.4817239,
19-04-07 11:11:37,36,-7,-7.1194228,33,33.05814816,132,34.1751792,-118.4816709,
19-04-07 11:11:37,36,-7,-7.1194228,33,33.05814816,132,34.1751792,-118.4816709,
19-04-07 11:11:37,36,-6,-6.37795296,32,32.94533424,130,34.1751659,-118.4816575,
19-04-07 11:11:37,36,-6,-6.37795296,32,32.94533424,130,34.1751659,-118.4816575,
19-04-07 11:11:37,36,-6,-6.37795296,32,32.94533424,130,34.1751659,-118.4816575,
19-04-07 11:11:38,37,-6,-6.37795296,32,32.98815885,130,34.1751659,-118.4816575,
19-04-07 11:11:38,37,-7,-7.82152256,32,32.98815885,119,34.175105,-118.4815783,
19-04-07 11:11:38,37,-9,-9.268373,33,33.89916191,118,34.1750919,-118.4815618,
19-04-07 11:11:38,37,-9,-9.268373,33,33.89916191,118,34.1750919,-118.4815618,
19-04-07 11:11:39,38,-8,-8.51049896,30,30.34746963,118,34.1750642,-118.4815291,
19-04-07 11:11:39,38,-7,-7.5623362,30,30.34746963,118,34.1750496,-118.481513,
19-04-07 11:11:39,38,-9,-9.4160108,35,35.13947359,120,34.1750346,-118.4814972,
19-04-07 11:11:39,38,-10,-10.252625,35,35.83628163,121,34.1750192,-118.4814814,
19-04-07 11:11:39,38,-8,-8.78608952,36,36.25547282,126,34.174988,-118.4814492,
19-04-07 11:11:40,39,-8,-8.60236248,36,36.25547282,129,34.1749724,-118.4814321,
19-04-07 11:11:40,39,-8,-8.60236248,36,36.25547282,129,34.1749724,-118.4814321,
19-04-07 11:11:40,39,-9,-9.14042024,36,36.59839822,132,34.1749571,-118.4814146,
19-04-07 11:11:40,39,-9,-9.14042024,36,36.59839822,132,34.1749571,-118.4814146,
19-04-07 11:11:41,40,-7,-7.30314984,36,36.59839822,147,34.1748973,-118.4813396,
19-04-07 11:11:41,40,-7,-7.30314984,36,36.59839822,147,34.1748973,-118.4813396,
19-04-07 11:11:41,40,-6,-6.33858288,36,36.59839822,152,34.1748824,-118.4813197,
19-04-07 11:11:41,40,-5,-5.74475084,36,36.59839822,161,34.1748544,-118.4812799,
19-04-07 11:11:41,40,-5,-5.74475084,36,36.59839822,161,34.1748544,-118.4812799,
19-04-07 11:11:42,41,-3,-3.854987,38,38.25973773,166,34.17484,-118.4812595,
19-04-07 11:11:42,41,-4,-4.33727048,37,37.64389501,177,34.1748104,-118.4812196,
19-04-07 11:11:42,41,-4,-4.33727048,37,37.71185996,177,34.1748104,-118.4812196,
19-04-07 11:11:42,41,-5,-5.1345146,37,37.71185996,189,34.1747797,-118.4811809,
19-04-07 11:11:42,41,-5,-5.1345146,37,37.71185996,189,34.1747797,-118.4811809,
19-04-07 11:11:43,42,-3,-3.2972442,35,35.90009146,202,34.1747483,-118.4811444,
19-04-07 11:11:43,42,-3,-3.2972442,35,35.90009146,202,34.1747483,-118.4811444,
19-04-07 11:11:43,42,-3,-3.2972442,38,38.13988703,202,34.1747483,-118.4811444,
19-04-07 11:11:43,42,-3,-3.2972442,38,38.13988703,202,34.1747483,-118.4811444,
19-04-07 11:11:44,43,3,3.54986888,36,36.25897088,229,34.1746848,-118.4810778,
19-04-07 11:11:44,43,3,3.31692924,35,35.8787652,236,34.1746688,-118.4810618,
19-04-07 11:11:44,43,3,3.4284778,35,35.8787652,249,34.1746364,-118.4810294,
19-04-07 11:11:44,43,3,3.4284778,36,36.35836515,249,34.1746364,-118.4810294,
19-04-07 11:11:44,43,3,3.99278228,36,36.35836515,257,34.1746199,-118.4810134,
19-04-07 11:11:45,44,3,3.9862206,37,37.5282401,278,34.1745701,-118.4809644,
19-04-07 11:11:45,44,3,3.9862206,37,37.5282401,278,34.1745701,-118.4809644,
19-04-07 11:11:45,44,5,5.09842536,36,36.81760878,286,34.1745533,-118.4809479,
19-04-07 11:11:45,44,5,5.45931776,36,36.88462881,293,34.1745365,-118.4809311,
19-04-07 11:11:46,45,5,5.45931776,38,38.10135207,293,34.1745365,-118.4809311,
19-04-07 11:11:46,45,8,8.776247,38,38.84073755,315,34.1744871,-118.4808818,
19-04-07 11:11:46,45,8,8.776247,38,38.84073755,315,34.1744871,-118.4808818,
19-04-07 11:11:46,45,9,9.31430476,37,37.70198843,323,34.1744707,-118.4808657,
19-04-07 11:11:46,45,9,9.31430476,36,36.52031144,323,34.1744707,-118.4808657,
19-04-07 11:11:47,46,11,11.07611584,37,37.63584448,344,34.1744227,-118.4808177,
19-04-07 11:11:47,46,12,12.88385868,37,37.36419434,351,34.1744067,-118.4808029,
19-04-07 11:11:47,46,13,13.65485608,37,37.36542711,358,34.1743906,-118.4807884,
19-04-07 11:11:47,46,15,15.63648344,36,36.69303976,365,34.174375,-118.4807744,
19-04-07 11:11:48,47,17,17.12270396,36,36.69303976,379,34.1743435,-118.480747,
19-04-07 11:11:48,47,17,17.92650976,35,35.93289435,386,34.1743283,-118.4807328,
19-04-07 11:11:48,47,17,17.92650976,35,35.93289435,386,34.1743283,-118.4807328,
19-04-07 11:11:48,47,18,18.76312396,35,35.1447989,393,34.1743137,-118.4807189,
19-04-07 11:11:48,47,20,20.10498752,34,34.98319678,399,34.174299,-118.4807047,
19-04-07 11:11:49,48,20,20.2099744,34,34.72068915,412,34.1742721,-118.480674,
19-04-07 11:11:49,48,20,20.2099744,34,34.74052608,412,34.1742721,-118.480674,
19-04-07 11:11:49,48,20,20.2099744,34,34.74052608,412,34.1742721,-118.480674,
19-04-07 11:11:49,48,20,20.2099744,34,34.74052608,412,34.1742721,-118.480674,
19-04-07 11:11:50,49,20,20.2099744,34,34.74052608,412,34.1742721,-118.480674,
19-04-07 11:11:50,49,21,21.26640488,36,36.16372234,441,34.1742231,-118.4805753,
19-04-07 11:11:50,49,18,18.99278276,37,37.82201435,447,34.1742161,-118.4805518,
19-04-07 11:11:50,49,16,16.00065668,37,37.82201435,452,34.1742102,-118.4805273,
19-04-07 11:11:50,49,16,16.00065668,41,42.00544392,452,34.1742102,-118.4805273,
19-04-07 11:11:51,50,16,16.00065668,45,45.19406098,452,34.1742102,-118.4805273,
19-04-07 11:11:51,50,13,13.65485608,45,45.6664896,472,34.1742,-118.4804182,
19-04-07 11:11:51,50,13,13.65485608,46,46.27882174,472,34.1742,-118.4804182,
19-04-07 11:11:51,50,15,15.78740208,46,46.27882174,476,34.1742026,-118.4803892,
19-04-07 11:11:52,51,14,14.85892436,44,44.5263763,484,34.1742097,-118.4803322,
19-04-07 11:11:52,51,14,14.85892436,44,44.5263763,484,34.1742097,-118.4803322,
19-04-07 11:11:52,51,14,14.56364876,45,45.63356468,490,34.1742224,-118.4802761,
19-04-07 11:11:52,51,14,14.56364876,45,45.63356468,490,34.1742224,-118.4802761,
19-04-07 11:11:52,51,14,14.48818944,46,46.04641681,495,34.1742393,-118.4802223,
19-04-07 11:11:53,52,15,15.9448824,45,45.61952239,498,34.1742482,-118.480196,
19-04-07 11:11:53,52,17,17.91010556,44,44.71695472,500,34.1742581,-118.4801705,
19-04-07 11:11:53,52,19,19.70800588,43,43.9355644,502,34.1742688,-118.4801462,
19-04-07 11:11:53,52,20,20.1443576,43,43.53933899,506,34.1742906,-118.4800991,
19-04-07 11:11:54,53,22,22.02427892,43,43.48852329,507,34.174303,-118.4800773,
19-04-07 11:11:54,53,22,22.02427892,43,43.48852329,507,34.174303,-118.4800773,
19-04-07 11:11:54,53,25,25.60367536,41,41.79495973,510,34.1743295,-118.4800359,
19-04-07 11:11:54,53,25,25.60367536,41,41.79495973,510,34.1743295,-118.4800359,
19-04-07 11:11:54,53,24,24.89173308,41,41.14345122,512,34.1743735,-118.4799778,
19-04-07 11:11:55,54,24,24.89173308,41,41.34166091,512,34.1743735,-118.4799778,
19-04-07 11:11:55,54,25,25.6233604,41,41.34166091,512,34.1743898,-118.4799606,
19-04-07 11:11:55,54,27,27.16207436,42,42.92553003,512,34.174407,-118.4799447,
19-04-07 11:11:55,54,26,26.80118196,42,42.4345567,511,34.1744415,-118.4799146,
19-04-07 11:11:55,54,27,27.82808488,40,40.38808669,510,34.17446,-118.479901,
19-04-07 11:11:56,55,27,27.82808488,40,40.38808669,510,34.17446,-118.479901,
19-04-07 11:11:56,55,29,29.0518382,42,42.12851108,506,34.1745193,-118.4798684,
19-04-07 11:11:56,55,29,29.0518382,42,42.12851108,506,34.1745193,-118.4798684,
19-04-07 11:11:56,55,30,30.77756004,43,43.34866983,504,34.1745403,-118.47986,
19-04-07 11:11:57,56,30,30.09186448,43,43.52352264,501,34.1745614,-118.4798528,
19-04-07 11:11:57,56,30,30.09186448,43,43.52352264,501,34.1745614,-118.4798528,
19-04-07 11:11:57,56,30,30.09186448,43,43.52352264,501,34.1745614,-118.4798528,
19-04-07 11:11:57,56,30,30.09186448,45,45.83684312,501,34.1745614,-118.4798528,
19-04-07 11:11:57,56,28,28.81233688,45,45.83684312,488,34.1746524,-118.4798377,
19-04-07 11:11:58,57,28,28.81233688,45,45.83684312,488,34.1746524,-118.4798377,
19-04-07 11:11:58,57,28,28.81233688,46,46.19852599,488,34.1746524,-118.4798377,
19-04-07 11:11:58,57,28,28.81233688,46,46.88977094,488,34.1746524,-118.4798377,
19-04-07 11:11:58,57,28,28.81233688,46,46.88977094,488,34.1746524,-118.4798377,
19-04-07 11:11:59,58,26,26.91273052,46,46.88977094,466,34.1747751,-118.4798478,
19-04-07 11:11:59,58,26,26.91273052,46,46.88977094,466,34.1747751,-118.4798478,
19-04-07 11:11:59,58,26,26.91273052,46,46.88977094,466,34.1747751,-118.4798478,
19-04-07 11:11:59,58,26,26.91273052,46,46.88977094,466,34.1747751,-118.4798478,
19-04-07 11:11:59,58,28,28.28412164,49,49.066323,442,34.1749016,-118.4798713,
19-04-07 11:12:00,59,27,27.09645756,49,49.63492317,434,34.1749529,-118.4798807,
19-04-07 11:12:00,59,27,27.35564392,48,48.73883849,430,34.1749788,-118.479885,
19-04-07 11:12:00,59,27,27.969161,49,49.18990643,426,34.1750046,-118.4798889,
19-04-07 11:12:00,59,27,27.969161,49,49.18990643,426,34.1750046,-118.4798889,
19-04-07 11:12:01,60,28,28.24475156,50,50.08173274,423,34.1750306,-118.4798921,
19-04-07 11:12:01,60,28,28.01509276,49,49.58256808,418,34.1750825,-118.4798982,
19-04-07 11:12:01,60,29,29.2486886,48,48.94364381,415,34.1751086,-118.479901,
19-04-07 11:12:01,60,30,30.34120832,49,49.28298667,413,34.1751346,-118.4799037,
19-04-07 11:12:01,60,30,30.34120832,49,49.28298667,413,34.1751346,-118.4799037,
19-04-07 11:12:02,61,29,29.25525028,46,46.71070043,407,34.1752135,-118.4799126,
19-04-07 11:12:02,61,29,29.25525028,48,48.52751577,407,34.1752135,-118.4799126,
19-04-07 11:12:02,61,29,29.25525028,48,48.75355348,407,34.1752135,-118.4799126,
19-04-07 11:12:02,61,30,30.4625994,50,50.52402738,404,34.1752659,-118.4799208,
19-04-07 11:12:02,61,30,30.4625994,49,49.01240035,404,34.1752659,-118.4799208,
19-04-07 11:12:03,62,32,32.81824252,49,49.01240035,399,34.1753445,-118.4799358,
19-04-07 11:12:03,62,32,32.81824252,49,49.01240035,399,34.1753445,-118.4799358,
19-04-07 11:12:03,62,34,34.15026356,48,48.18350778,398,34.1753708,-118.4799411,
19-04-07 11:12:03,62,32,32.84448924,48,48.36535984,397,34.1753971,-118.4799459,
19-04-07 11:12:04,63,33,33.4481638,48,48.04397033,397,34.1754494,-118.4799554,
19-04-07 11:12:04,63,33,33.52034228,48,48.77362195,397,34.1754758,-118.4799591,
19-04-07 11:12:04,63,35,35.42322948,48,48.11993575,397,34.1755015,-118.4799634,
19-04-07 11:12:04,63,35,35.3674552,48,48.11993575,399,34.1755532,-118.4799717,
19-04-07 11:12:04,63,35,35.3674552,48,48.26254574,399,34.1755532,-118.4799717,
19-04-07 11:12:05,64,37,37.5164054,47,47.79238241,401,34.1756048,-118.4799805,
19-04-07 11:12:05,64,36,36.20078856,47,47.27701967,403,34.1756303,-118.4799852,
19-04-07 11:12:05,64,36,36.20078856,45,45.45950972,403,34.1756303,-118.4799852,
19-04-07 11:12:05,64,37,37.65748152,44,44.15102972,406,34.1756809,-118.4799957,
19-04-07 11:12:06,65,38,38.26771776,44,44.15102972,407,34.1757062,-118.480001,
19-04-07 11:12:06,65,38,38.26771776,45,45.53649515,407,34.1757062,-118.480001,
19-04-07 11:12:06,65,38,38.61220596,45,45.34216836,409,34.1757316,-118.4800067,
19-04-07 11:12:06,65,38,38.77624796,45,45.25129708,413,34.1757809,-118.4800198,
19-04-07 11:12:06,65,39,39.89829524,45,45.25129708,415,34.1758051,-118.4800273,
19-04-07 11:12:07,66,40,40.0754606,44,44.13655252,417,34.1758293,-118.4800345,
19-04-07 11:12:07,66,40,40.0754606,44,44.13655252,417,34.1758293,-118.4800345,
19-04-07 11:12:07,66,42,42.58858404,44,44.15175562,423,34.1759009,-118.4800583,
19-04-07 11:12:07,66,42,42.58858404,44,44.15175562,423,34.1759009,-118.4800583,
19-04-07 11:12:07,66,41,41.420605,43,43.98444334,426,34.1759245,-118.4800669,
19-04-07 11:12:08,67,41,41.73556564,44,44.11558921,431,34.1759712,-118.4800831,
19-04-07 11:12:08,67,41,41.73556564,44,44.11558921,431,34.1759712,-118.4800831,
19-04-07 11:12:08,67,41,41.73556564,44,44.11558921,431,34.1759712,-118.4800831,
19-04-07 11:12:08,67,41,41.73556564,44,44.11558921,431,34.1759712,-118.4800831,
19-04-07 11:12:09,68,41,41.73556564,44,44.11558921,431,34.1759712,-118.4800831,
19-04-07 11:12:09,68,43,43.92388592,44,44.28479757,449,34.1761096,-118.4801373,
19-04-07 11:12:09,68,43,43.92388592,44,44.28479757,449,34.1761096,-118.4801373,
19-04-07 11:12:09,68,43,43.92388592,44,44.28479757,449,34.1761096,-118.4801373,
19-04-07 11:12:09,68,42,42.79199612,44,44.84725267,455,34.1761549,-118.4801609,
19-04-07 11:12:10,69,42,42.15223232,45,45.63304216,461,34.1762008,-118.4801876,
19-04-07 11:12:10,69,41,41.43044752,47,47.09937279,464,34.1762238,-118.4802019,
19-04-07 11:12:10,69,41,41.31889896,47,47.08185747,467,34.1762468,-118.4802173,
19-04-07 11:12:10,69,41,41.75525068,46,46.93349353,469,34.1762695,-118.4802337,
19-04-07 11:12:11,70,41,41.61417456,46,46.54936113,475,34.1763134,-118.4802686,
19-04-07 11:12:11,70,41,41.61417456,46,46.54936113,475,34.1763134,-118.4802686,
19-04-07 11:12:11,70,42,42.7657494,47,47.17477501,478,34.1763347,-118.480287,
19-04-07 11:12:11,70,44,44.92454212,47,47.17477501,480,34.1763555,-118.4803058,
19-04-07 11:12:11,70,44,44.20275732,48,48.08949827,483,34.176376,-118.4803255,
19-04-07 11:12:12,71,44,44.32086756,48,48.24559048,488,34.1764173,-118.4803647,
19-04-07 11:12:12,71,43,43.77624812,48,48.32021675,491,34.176438,-118.4803845,
19-04-07 11:12:12,71,42,42.9133872,48,48.32021675,495,34.1764588,-118.4804046,
19-04-07 11:12:12,71,42,42.9133872,48,48.86765649,495,34.1764588,-118.4804046,
19-04-07 11:12:13,72,43,43.47769168,48,48.86765649,502,34.1765014,-118.480444,
19-04-07 11:12:13,72,43,43.47769168,48,48.86765649,502,34.1765014,-118.480444,
19-04-07 11:12:13,72,43,43.47769168,48,48.86765649,502,34.1765014,-118.480444,
19-04-07 11:12:13,72,48,48.6220488,48,48.86765649,514,34.1765644,-118.4805024,
19-04-07 11:12:13,72,48,48.6220488,48,48.86765649,514,34.1765644,-118.4805024,
19-04-07 11:12:14,73,48,48.6220488,48,48.86765649,514,34.1765644,-118.4805024,
19-04-07 11:12:14,73,52,52.08005416,45,45.2557338,526,34.1766253,-118.4805623,
19-04-07 11:12:14,73,52,52.12926676,47,47.18777227,531,34.1766451,-118.4805831,
19-04-07 11:12:14,73,51,51.63714076,48,48.87164265,539,34.1766842,-118.4806259,
19-04-07 11:12:14,73,50,50.04265252,49,49.37900178,544,34.1767042,-118.4806472,
19-04-07 11:12:15,74,50,50.04265252,49,49.37900178,544,34.1767042,-118.4806472,
19-04-07 11:12:15,74,48,48.94685196,48,48.26364083,548,34.1767239,-118.4806683,
19-04-07 11:12:15,74,51,51.13517224,46,46.86243102,553,34.1767437,-118.4806891,
19-04-07 11:12:15,74,51,51.55183892,46,46.5300874,563,34.1767835,-118.4807301,
19-04-07 11:12:16,75,51,51.55183892,46,46.97283259,563,34.1767835,-118.4807301,
19-04-07 11:12:16,75,51,51.55183892,46,46.97283259,563,34.1767835,-118.4807301,
19-04-07 11:12:16,75,51,51.55183892,46,46.83503479,563,34.1767835,-118.4807301,
19-04-07 11:12:16,75,53,53.57283636,46,46.83503479,579,34.1768424,-118.480791,
19-04-07 11:12:16,75,53,53.60236392,46,46.58117844,595,34.1768994,-118.4808527,
19-04-07 11:12:17,76,50,50.23622208,46,46.77705714,601,34.1769183,-118.4808739,
19-04-07 11:12:17,76,50,50.23622208,47,47.32973145,601,34.1769183,-118.4808739,
19-04-07 11:12:17,76,51,51.26640584,47,47.9989086,612,34.1769551,-118.4809176,
19-04-07 11:12:17,76,51,51.97834812,48,48.27463875,617,34.1769734,-118.48094,
19-04-07 11:12:18,77,53,53.9534138,48,48.27463875,623,34.1769921,-118.4809623,
19-04-07 11:12:18,77,54,54.43569728,47,47.73352555,629,34.1770111,-118.4809846,
19-04-07 11:12:18,77,52,52.99868936,48,48.7783121,641,34.1770486,-118.4810294,
19-04-07 11:12:18,77,52,52.99868936,48,48.7783121,641,34.1770486,-118.4810294,
19-04-07 11:12:18,77,52,52.25721952,49,49.11868435,647,34.1770674,-118.4810522,
19-04-07 11:12:19,78,53,53.7401592,48,48.62533309,653,34.177086,-118.481075,
19-04-07 11:12:19,78,53,53.97309884,48,48.06207701,665,34.1771223,-118.4811217,
19-04-07 11:12:19,78,53,53.97309884,48,48.06207701,665,34.1771223,-118.4811217,
19-04-07 11:12:19,78,55,55.84645848,48,48.06207701,677,34.1771568,-118.4811698,
19-04-07 11:12:19,78,55,55.84645848,47,47.7131004,677,34.1771568,-118.4811698,
19-04-07 11:12:20,79,55,55.84645848,47,47.7131004,677,34.1771568,-118.4811698,
19-04-07 11:12:20,79,59,59.34055308,45,45.98139925,694,34.177205,-118.4812431,
19-04-07 11:12:20,79,59,59.65551372,46,46.68232486,700,34.1772205,-118.481268,
19-04-07 11:12:20,79,59,59.05183916,46,46.64897129,705,34.1772358,-118.4812928,
19-04-07 11:12:21,80,59,59.05183916,46,46.64897129,705,34.1772358,-118.4812928,
19-04-07 11:12:21,80,59,59.05183916,46,46.64897129,705,34.1772358,-118.4812928,
19-04-07 11:12:21,80,59,59.05183916,45,45.7245173,705,34.1772358,-118.4812928,
19-04-07 11:12:21,80,64,64.10433276,44,44.90043691,726,34.1772902,-118.4813943,
19-04-07 11:12:21,80,64,64.94750864,44,44.90043691,731,34.1773019,-118.4814198,
19-04-07 11:12:22,81,66,66.48950344,43,43.85152028,740,34.1773246,-118.4814718,
19-04-07 11:12:22,81,66,66.48950344,42,42.16175828,740,34.1773246,-118.4814718,
19-04-07 11:12:22,81,66,66.0433092,44,44.66507209,745,34.1773354,-118.4814981,
19-04-07 11:12:22,81,64,64.65223304,45,45.55453611,750,34.1773459,-118.4815252,
19-04-07 11:12:23,82,62,62.65092064,47,47.00794145,755,34.1773571,-118.4815519,
19-04-07 11:12:23,82,62,62.65092064,45,45.49617988,755,34.1773571,-118.4815519,
19-04-07 11:12:23,82,62,62.7624692,44,44.65039777,770,34.1773918,-118.4816313,
19-04-07 11:12:23,82,62,62.7624692,44,44.65039777,770,34.1773918,-118.4816313,
19-04-07 11:12:23,82,62,62.7624692,44,44.65039777,770,34.1773918,-118.4816313,
19-04-07 11:12:24,83,62,62.7624692,44,44.65039777,770,34.1773918,-118.4816313,
19-04-07 11:12:24,83,62,62.7624692,44,44.65039777,770,34.1773918,-118.4816313,
19-04-07 11:12:24,83,66,66.71916224,44,44.35132011,801,34.1774592,-118.4817571,
19-04-07 11:12:24,83,69,69.10105208,44,44.35132011,807,34.1774721,-118.4817815,
19-04-07 11:12:25,84,70,70.72506788,44,44.13407447,819,34.1774961,-118.4818314,
19-04-07 11:12:25,84,69,69.95407048,42,42.77224753,824,34.1775076,-118.4818561,
19-04-07 11:12:25,84,71,71.61417552,42,42.77883689,830,34.1775184,-118.4818812,
19-04-07 11:12:25,84,73,73.49737768,42,42.51926413,840,34.1775363,-118.4819332,
19-04-07 11:12:25,84,74,74.20931996,42,42.32634845,845,34.177544,-118.4819598,
19-04-07 11:12:26,85,74,74.20931996,42,42.32634845,845,34.177544,-118.4819598,
19-04-07 11:12:26,85,75,75.09186592,42,42.01789988,853,34.1775556,-118.4820146,
19-04-07 11:12:26,85,75,75.09186592,42,42.01789988,853,34.1775556,-118.4820146,
19-04-07 11:12:26,85,75,75.46260084,41,41.78644299,860,34.1775636,-118.4820704,
19-04-07 11:12:27,86,74,74.49803388,42,42.52844106,864,34.1775658,-118.4820986,
19-04-07 11:12:27,86,76,76.0662754,42,42.6834851,866,34.1775658,-118.4821268,
19-04-07 11:12:27,86,76,76.96522556,42,42.9566934,868,34.1775644,-118.4821548,
19-04-07 11:12:27,86,77,77.47375576,43,43.15693373,872,34.1775589,-118.4822112,
19-04-07 11:12:27,86,77,77.47375576,43,43.15693373,872,34.1775589,-118.4822112,
19-04-07 11:12:28,87,80,80.18044876,43,43.59169722,873,34.177555,-118.4822385,
19-04-07 11:12:28,87,81,81.59777164,44,44.33629223,875,34.177551,-118.4822664,
19-04-07 11:12:28,87,84,84.38976648,42,42.59755429,876,34.1775455,-118.4822926,
19-04-07 11:12:28,87,84,84.38976648,41,41.67298766,876,34.1775455,-118.4822926,
19-04-07 11:12:28,87,87,87.07021276,40,40.41208812,879,34.1775282,-118.482371,
19-04-07 11:12:29,88,87,87.07021276,40,40.41208812,879,34.1775282,-118.482371,
19-04-07 11:12:29,88,89,89.27493724,39,39.40141233,880,34.1775219,-118.482396,
19-04-07 11:12:29,88,90,90.36089528,38,38.39313012,880,34.177506,-118.4824435,
19-04-07 11:12:29,88,91,91.74212892,37,37.82466449,880,34.1774976,-118.4824661,
19-04-07 11:12:30,89,93,93.42848068,37,37.1204129,880,34.1774885,-118.482488,
19-04-07 11:12:30,89,93,93.72703712,36,36.15131957,879,34.1774696,-118.4825303,
19-04-07 11:12:30,89,95,95.5052524,34,34.95256531,879,34.1774599,-118.4825501,
19-04-07 11:12:30,89,95,95.5052524,34,34.95256531,879,34.1774599,-118.4825501,
19-04-07 11:12:30,89,96,96.98819208,34,34.47080332,878,34.1774495,-118.482569,
19-04-07 11:12:31,90,98,98.89764096,34,34.41973731,877,34.1774384,-118.4825867,
19-04-07 11:12:31,90,100,100.1771686,34,34.41973731,873,34.1774145,-118.4826189,
19-04-07 11:12:31,90,101,101.3549901,32,32.99659111,871,34.1774018,-118.4826327,
19-04-07 11:12:31,90,101,101.3549901,31,31.85288276,871,34.1774018,-118.4826327,
19-04-07 11:12:32,91,101,101.2893733,31,31.84520768,867,34.1773752,-118.4826584,
19-04-07 11:12:32,91,101,101.4206069,30,30.98831501,861,34.1773466,-118.4826794,
19-04-07 11:12:32,91,101,101.4206069,32,32.17473221,861,34.1773466,-118.4826794,
19-04-07 11:12:32,91,103,103.1168012,30,30.78645081,854,34.1773159,-118.4826958,
19-04-07 11:12:32,91,104,104.0616831,31,31.12243642,850,34.1773004,-118.4827021,
19-04-07 11:12:33,92,104,104.0616831,31,31.00441609,850,34.1773004,-118.4827021,
19-04-07 11:12:33,92,102,102.4967224,31,31.00441609,841,34.1772676,-118.4827123,
19-04-07 11:12:33,92,102,102.2276936,31,31.51179712,836,34.1772501,-118.4827169,
19-04-07 11:12:33,92,101,101.604334,31,31.51179712,831,34.1772323,-118.48272,
19-04-07 11:12:34,93,101,101.2631266,32,32.97380993,826,34.177214,-118.4827231,
19-04-07 11:12:34,93,102,102.9035466,33,33.14765213,816,34.1771782,-118.4827286,
19-04-07 11:12:34,93,102,102.9035466,33,33.84026125,816,34.1771782,-118.4827286,
19-04-07 11:12:34,93,103,103.4120768,33,33.41224983,811,34.1771602,-118.4827297,
19-04-07 11:12:35,94,104,104.4980348,34,34.46488666,806,34.1771424,-118.4827296,
19-04-07 11:12:35,94,104,104.7375362,34,34.24715292,800,34.1771241,-118.4827276,
19-04-07 11:12:35,94,105,105.6003971,34,34.24715292,787,34.1770868,-118.4827219,
19-04-07 11:12:35,94,105,105.6003971,34,34.24715292,787,34.1770868,-118.4827219,
19-04-07 11:12:35,94,103,103.2939666,38,38.90876194,775,34.1770494,-118.4827121,
19-04-07 11:12:36,95,103,103.2939666,38,38.90876194,775,34.1770494,-118.4827121,
19-04-07 11:12:36,95,102,102.8838616,36,36.96361044,753,34.1769938,-118.4826862,
19-04-07 11:12:36,95,103,103.0971162,37,37.32266195,746,34.1769758,-118.4826748,
19-04-07 11:12:36,95,103,103.0971162,37,37.32266195,746,34.1769758,-118.4826748,
19-04-07 11:12:37,96,103,103.0971162,37,37.32266195,746,34.1769758,-118.4826748,
19-04-07 11:12:37,96,103,103.0971162,37,37.32266195,746,34.1769758,-118.4826748,
19-04-07 11:12:37,96,103,103.0971162,37,37.32266195,746,34.1769758,-118.4826748,
19-04-07 11:12:37,96,103,103.0971162,37,37.32266195,746,34.1769758,-118.4826748,
19-04-07 11:12:37,96,103,103.0971162,37,37.32266195,746,34.1769758,-118.4826748,
19-04-07 11:12:38,97,101,101.522313,39,39.04150352,684,34.1768323,-118.482564,
19-04-07 11:12:38,97,104,104.1076149,39,39.86519593,676,34.1768141,-118.4825504,
19-04-07 11:12:38,97,104,104.1076149,39,39.86519593,676,34.1768141,-118.4825504,
19-04-07 11:12:38,97,101,101.8733628,35,35.3527581,661,34.1767774,-118.4825228,
19-04-07 11:12:38,97,101,101.8733628,35,35.3527581,661,34.1767774,-118.4825228,
19-04-07 11:12:39,98,103,103.77625,32,32.47435428,645,34.1767391,-118.4824976,
19-04-07 11:12:39,98,103,103.0347802,32,32.04834532,637,34.1767205,-118.4824852,
19-04-07 11:12:39,98,103,103.0347802,32,32.04834532,637,34.1767205,-118.4824852,
19-04-07 11:12:39,98,106,106.3713945,38,38.2560582,630,34.1766672,-118.4824464,
19-04-07 11:12:40,99,106,106.3713945,38,38.2560582,615,34.1766672,-118.4824464,
19-04-07 11:12:40,99,106,106.3156202,38,38.79846675,607,34.1766497,-118.4824327,
19-04-07 11:12:40,99,106,106.3156202,38,38.79846675,607,34.1766497,-118.4824327,
19-04-07 11:12:40,99,106,106.3156202,38,38.79846675,607,34.1766497,-118.4824327,
19-04-07 11:12:40,99,106,106.3156202,38,38.79846675,607,34.1766497,-118.4824327,
19-04-07 11:12:41,100,106,106.3156202,38,38.79846675,607,34.1766497,-118.4824327,
19-04-07 11:12:41,100,102,102.09646,35,35.45808155,567,34.1765625,-118.4823543,
19-04-07 11:12:41,100,101,101.3549901,40,40.19891625,559,34.176544,-118.4823379,
19-04-07 11:12:41,100,103,103.5433104,43,43.48640819,542,34.1765057,-118.482307,
19-04-07 11:12:42,101,105,105.213258,38,38.37136582,534,34.1764863,-118.4822914,
19-04-07 11:12:42,101,105,105.213258,38,38.37136582,534,34.1764863,-118.4822914,
19-04-07 11:12:42,101,100,100.3084022,56,56.12294685,517,34.1764466,-118.4822602,
19-04-07 11:12:42,101,97,97.88714224,56,56.12294685,499,34.176406,-118.4822275,
19-04-07 11:12:42,101,96,96.96194536,66,66.80706568,490,34.1763856,-118.4822108,
19-04-07 11:12:43,102,96,96.96194536,66,66.80706568,490,34.1763856,-118.4822108,
19-04-07 11:12:43,102,97,97.48031808,52,52.13865938,481,34.1763654,-118.4821927,
19-04-07 11:12:43,102,97,97.19160416,48,48.4226773,472,34.1763458,-118.482174,
19-04-07 11:12:43,102,99,99.28806092,46,46.68645808,454,34.1763085,-118.482135,
19-04-07 11:12:43,102,103,103.0511844,45,45.36302216,445,34.1762907,-118.4821151,
19-04-07 11:12:44,103,102,102.8477723,44,44.89872543,436,34.1762729,-118.482095,
19-04-07 11:12:44,103,102,102.8477723,44,44.89872543,436,34.1762729,-118.482095,
19-04-07 11:12:44,103,102,102.608271,43,43.80765377,427,34.1762553,-118.4820749,
19-04-07 11:12:44,103,105,105.4265126,43,43.22853127,410,34.1762207,-118.4820348,
19-04-07 11:12:45,104,106,106.3057777,42,42.70752408,401,34.1762035,-118.4820152,
19-04-07 11:12:45,104,108,108.1791373,43,43.14957779,393,34.1761863,-118.4819955,
19-04-07 11:12:45,104,108,108.4580087,43,43.29532915,376,34.1761521,-118.4819557,
19-04-07 11:12:45,104,106,106.4927856,43,43.53051876,367,34.1761351,-118.4819353,
19-04-07 11:12:45,104,106,106.4927856,43,43.53051876,367,34.1761351,-118.4819353,
19-04-07 11:12:46,105,106,106.4927856,43,43.53051876,367,34.1761351,-118.4819353,
19-04-07 11:12:46,105,105,105.1837304,45,45.13874286,332,34.1760651,-118.4818502,
19-04-07 11:12:46,105,105,105.1837304,45,45.65291663,332,34.1760651,-118.4818502,
19-04-07 11:12:46,105,105,105.1837304,45,45.65291663,332,34.1760651,-118.4818502,
19-04-07 11:12:47,106,105,105.1837304,45,45.91330915,332,34.1760651,-118.4818502,
19-04-07 11:12:47,106,102,102.7001345,44,44.41686019,304,34.1760104,-118.4817847,
19-04-07 11:12:47,106,102,102.9855676,44,44.41686019,286,34.1759724,-118.4817433,
19-04-07 11:12:47,106,102,102.9855676,44,44.41686019,286,34.1759724,-118.4817433,
19-04-07 11:12:48,107,102,102.5524967,44,44.04673567,268,34.1759341,-118.4817031,
19-04-07 11:12:48,107,104,104.721132,44,44.47378341,259,34.1759147,-118.4816835,
19-04-07 11:12:48,107,104,104.721132,43,43.71767422,259,34.1759147,-118.4816835,
19-04-07 11:12:48,107,106,106.1581399,43,43.71767422,241,34.1758759,-118.4816446,
19-04-07 11:12:48,107,106,106.8700822,42,42.57534569,232,34.1758566,-118.4816254,
19-04-07 11:12:49,108,106,106.9652265,42,42.25861504,232,34.1758371,-118.4816064,Supplies and habitats were dropped!
19-04-07 11:12:49,108,106,106.9652265,42,42.25861504,223,34.1758371,-118.4816064,
19-04-07 11:12:49,108,106,106.279531,42,42.49710559,214,34.1758176,-118.4815872,
19-04-07 11:12:49,108,106,106.279531,43,43.34490269,214,34.1758176,-118.4815872,
19-04-07 11:12:49,108,106,106.279531,43,43.34490269,214,34.1758176,-118.4815872,
19-04-07 11:12:49,108,106,106.279531,43,43.57645032,214,34.1758176,-118.4815872,
19-04-07 11:12:50,109,106,106.279531,43,43.57645032,214,34.1758176,-118.4815872,
19-04-07 11:12:50,109,107,107.1686386,43,43.57645032,214,34.1757176,-118.4814914,Supplies and habitats were dropped!
19-04-07 11:12:50,109,107,107.1686386,43,43.57645032,168,34.1757176,-118.4814914,
19-04-07 11:12:50,109,111,111.9324183,44,44.81399922,150,34.175677,-118.481454,
19-04-07 11:12:50,109,112,112.3589275,44,44.39630988,141,34.1756571,-118.4814355,
19-04-07 11:12:51,110,112,112.3589275,43,43.72232995,141,34.1756571,-118.4814355,
19-04-07 11:12:51,110,119,119.5439671,43,43.255721,116,34.1755997,-118.4813819,
19-04-07 11:12:51,110,119,119.5439671,43,43.255721,116,34.1755997,-118.4813819,
19-04-07 11:12:51,110,123,123.2447546,43,43.255721,108,34.175581,-118.4813646,
19-04-07 11:12:51,110,128,128.999348,43,43.255721,100,34.1755625,-118.4813474,
19-04-07 11:12:52,111,128,128.34318,38,38.18308397,92,34.1755442,-118.4813299,
19-04-07 11:12:52,111,123,123.996067,39,39.60475022,77,34.1755072,-118.4812949,
19-04-07 11:12:52,111,123,123.996067,39,39.60475022,77,34.1755072,-118.4812949,
19-04-07 11:12:52,111,118,118.5695576,41,41.94089255,62,34.1754683,-118.4812598,
19-04-07 11:12:53,112,118,118.4317623,41,41.94089255,48,34.1754276,-118.4812255,
19-04-07 11:12:53,112,118,118.4317623,42,42.83396728,48,34.1754276,-118.4812255,
19-04-07 11:12:53,112,117,117.7723135,54,54.42026893,41,34.1754055,-118.4812089,
19-04-07 11:12:53,112,121,121.8143084,54,54.42026893,36,34.1753833,-118.4811928,Supplies and habitats were dropped!
19-04-07 11:12:53,112,121,121.8143084,54,54.42026893,36,34.1753833,-118.4811928,
19-04-07 11:12:53,112,120,120.8333372,53,53.17927829,32,34.1753387,-118.4811612,
19-04-07 11:12:54,113,121,121.965227,53,53.17927829,34,34.1753164,-118.4811454,
19-04-07 11:12:54,113,121,121.965227,50,50.34000077,34,34.1753164,-118.4811454,
19-04-07 11:12:54,113,121,121.965227,49,49.36873601,34,34.1753164,-118.4811454,
19-04-07 11:12:54,113,116,116.4402924,49,49.36873601,43,34.1752707,-118.4811151,
19-04-07 11:12:55,114,112,112.8707385,49,49.19004097,58,34.1752243,-118.4810847,
19-04-07 11:12:55,114,116,116.2893738,49,49.19004097,66,34.1752013,-118.4810695,
19-04-07 11:12:55,114,120,120.0360931,46,46.05955799,74,34.1751786,-118.4810542,
19-04-07 11:12:55,114,120,120.0360931,46,46.05955799,74,34.1751786,-118.4810542,
19-04-07 11:12:55,114,120,120.0360931,46,46.05955799,74,34.1751786,-118.4810542,
19-04-07 11:12:56,115,119,119.422576,46,46.1954034,110,34.1750888,-118.4809919,
19-04-07 11:12:56,115,119,119.422576,47,47.14450023,110,34.1750888,-118.4809919,
19-04-07 11:12:56,115,119,119.422576,47,47.14450023,110,34.1750888,-118.4809919,
19-04-07 11:12:56,115,116,116.2631271,47,47.40881321,128,34.175046,-118.4809575,
19-04-07 11:12:56,115,116,116.2631271,47,47.40881321,128,34.175046,-118.4809575,
19-04-07 11:12:57,116,110,110.8563028,47,47.71776552,147,34.174985,-118.4808988,
19-04-07 11:12:57,116,111,111.220476,47,47.51695262,166,34.1749657,-118.4808781,
19-04-07 11:12:57,116,111,111.220476,45,45.99198729,166,34.1749657,-118.4808781,
19-04-07 11:12:57,116,113,113.5105023,46,46.67318236,175,34.1749478,-118.4808567,
19-04-07 11:12:58,117,117,117.5885864,46,46.67318236,192,34.1749158,-118.4808132,
19-04-07 11:12:58,117,119,119.5177204,43,43.68704588,201,34.1749018,-118.480791,
19-04-07 11:12:58,117,119,119.5177204,43,43.68704588,201,34.1749018,-118.480791,
19-04-07 11:12:58,117,124,124.3668019,40,40.98408622,217,34.1748774,-118.4807461,
19-04-07 11:12:58,117,123,123.2053845,39,39.97729647,232,34.1748546,-118.4807004,
19-04-07 11:12:59,118,120,120.9153582,39,39.87735778,240,34.1748444,-118.480677,
19-04-07 11:12:59,118,119,119.6194264,40,40.14123897,247,34.1748355,-118.480653,
19-04-07 11:12:59,118,117,117.700135,40,40.10452501,262,34.1748222,-118.480603,
19-04-07 11:12:59,118,117,117.700135,40,40.10452501,262,34.1748222,-118.480603,
19-04-07 11:13:00,119,119,119.4521036,41,41.23955706,269,34.1748179,-118.4805777,
19-04-07 11:13:00,119,120,120.8694264,41,41.01325026,275,34.1748151,-118.4805521,
19-04-07 11:13:00,119,120,120.9153582,40,40.81131097,282,34.174814,-118.4805265,
19-04-07 11:13:00,119,120,120.6397676,40,40.58089286,294,34.1748133,-118.4804752,
19-04-07 11:13:00,119,120,120.6397676,40,40.58089286,294,34.1748133,-118.4804752,
19-04-07 11:13:01,120,120,120.6397676,40,40.58089286,294,34.1748133,-118.4804752,
19-04-07 11:13:01,120,120,120.6397676,40,40.58089286,294,34.1748133,-118.4804752,
19-04-07 11:13:01,120,116,116.5879302,41,41.49312242,312,34.1748204,-118.4803972,
19-04-07 11:13:01,120,116,116.5879302,41,41.49312242,312,34.1748204,-118.4803972,
19-04-07 11:13:02,121,116,116.5879302,41,41.49312242,312,34.1748204,-118.4803972,
19-04-07 11:13:02,121,114,114.1961979,41,41.49312242,341,34.1748455,-118.4802679,
19-04-07 11:13:02,121,114,114.1961979,41,41.08001372,341,34.1748455,-118.4802679,
19-04-07 11:13:02,121,115,115.5938357,41,41.1914353,346,34.1748521,-118.480243,
19-04-07 11:13:02,121,115,115.5938357,40,40.13274414,351,34.174859,-118.480219,
19-04-07 11:13:03,122,116,116.3648331,39,39.89557396,357,34.1748661,-118.4801948,
19-04-07 11:13:03,122,117,117.5524972,39,39.86293064,367,34.1748798,-118.4801479,
19-04-07 11:13:03,122,117,117.5524972,39,39.86293064,367,34.1748798,-118.4801479,
19-04-07 11:13:03,122,118,118.4317623,39,39.15589125,378,34.1748951,-118.4801021,
19-04-07 11:13:04,123,118,118.4317623,39,39.15589125,378,34.1748951,-118.4801021,
19-04-07 11:13:04,123,119,119.6916049,36,36.05418746,393,34.1749181,-118.4800365,
19-04-07 11:13:04,123,119,119.6916049,35,35.6320927,393,34.1749181,-118.4800365,
19-04-07 11:13:04,123,119,119.0354369,35,35.6320927,399,34.1749255,-118.4800148,
19-04-07 11:13:04,123,118,118.9796626,35,35.4734536,404,34.1749331,-118.4799924,
19-04-07 11:13:05,124,119,119.5636521,35,35.4734536,409,34.17494,-118.4799706,
19-04-07 11:13:05,124,119,119.4783503,35,35.59536622,420,34.1749528,-118.4799273,
19-04-07 11:13:05,124,119,119.5538096,35,35.48617552,426,34.1749586,-118.4799056,
19-04-07 11:13:05,124,119,119.5538096,34,34.95548453,426,34.1749586,-118.4799056,
19-04-07 11:13:06,125,121,121.4632585,33,33.56376765,438,34.1749672,-118.4798613,
19-04-07 11:13:06,125,121,121.4632585,32,32.92527517,438,34.1749672,-118.4798613,
19-04-07 11:13:06,125,121,121.4632585,33,33.4355191,438,34.1749672,-118.4798613,
19-04-07 11:13:06,125,123,123.7335998,33,33.4355191,457,34.1749774,-118.4797936,
19-04-07 11:13:06,125,123,123.1036785,33,33.4355191,464,34.1749789,-118.4797705,
19-04-07 11:13:07,126,123,123.1036785,33,33.4355191,464,34.1749789,-118.4797705,
19-04-07 11:13:07,126,121,121.0105026,33,33.4355191,484,34.1749772,-118.4797019,
19-04-07 11:13:07,126,121,121.0105026,33,33.4355191,484,34.1749772,-118.4797019,
19-04-07 11:13:07,126,120,120.9252007,33,33.90427445,491,34.1749736,-118.4796792,
19-04-07 11:13:07,126,121,121.4829435,33,33.23471559,498,34.1749682,-118.479657,
19-04-07 11:13:08,127,125,125.1148334,33,33.23471559,512,34.1749536,-118.4796141,
19-04-07 11:13:08,127,125,125.1148334,33,33.23471559,512,34.1749536,-118.4796141,
19-04-07 11:13:08,127,126,126.8307127,31,31.7518521,525,34.1749338,-118.4795751,
19-04-07 11:13:08,127,126,126.8307127,31,31.7518521,525,34.1749338,-118.4795751,
19-04-07 11:13:09,128,126,126.8307127,31,31.7518521,525,34.1749338,-118.4795751,
19-04-07 11:13:09,128,126,126.8307127,31,31.7518521,525,34.1749338,-118.4795751,
19-04-07 11:13:09,128,126,126.8307127,31,31.7518521,525,34.1749338,-118.4795751,
19-04-07 11:13:09,128,126,126.8307127,31,31.7518521,525,34.1749338,-118.4795751,
19-04-07 11:13:09,128,119,119.4881928,36,36.26420545,569,34.1748371,-118.4794552,
19-04-07 11:13:10,129,117,117.7657518,38,38.30251854,576,34.1748187,-118.4794405,
19-04-07 11:13:10,129,117,117.7657518,38,38.30251854,576,34.1748187,-118.4794405,
19-04-07 11:13:10,129,117,117.7657518,38,38.30251854,576,34.1748187,-118.4794405,
19-04-07 11:13:10,129,117,117.7657518,38,38.30251854,576,34.1748187,-118.4794405,
19-04-07 11:13:11,130,116,116.9291376,39,39.86157585,601,34.1747435,-118.4793832,
19-04-07 11:13:11,130,115,115.8005286,40,40.76247896,607,34.174724,-118.4793683,
19-04-07 11:13:11,130,115,115.8005286,40,40.76247896,607,34.174724,-118.4793683,
19-04-07 11:13:11,130,115,115.8005286,40,40.76247896,607,34.174724,-118.4793683,
19-04-07 11:13:11,130,115,115.8005286,39,39.81131083,607,34.174724,-118.4793683,
19-04-07 11:13:12,131,115,115.8005286,39,39.15354461,607,34.174724,-118.4793683,
19-04-07 11:13:12,131,114,114.2421296,39,39.15354461,641,34.174623,-118.4792947,
19-04-07 11:13:12,131,114,114.2421296,39,39.15354461,641,34.174623,-118.4792947,
19-04-07 11:13:12,131,115,115.8366179,41,41.11929647,649,34.1746019,-118.47928,
19-04-07 11:13:12,131,118,118.0971166,41,41.11929647,670,34.1745389,-118.4792365,
19-04-07 11:13:13,132,118,118.0971166,41,41.66288146,670,34.1745389,-118.4792365,
19-04-07 11:13:13,132,118,118.0971166,41,41.66288146,670,34.1745389,-118.4792365,
19-04-07 11:13:13,132,118,118.0971166,41,41.66288146,670,34.1745389,-118.4792365,
19-04-07 11:13:13,132,118,118.0971166,41,41.66288146,670,34.1745389,-118.4792365,
19-04-07 11:13:14,133,116,116.141736,44,44.78513868,706,34.1744253,-118.4791679,
19-04-07 11:13:14,133,120,120.2690327,44,44.78513868,713,34.1744005,-118.479157,
19-04-07 11:13:14,133,120,120.2690327,44,44.78513868,713,34.1744005,-118.479157,
19-04-07 11:13:14,133,117,117.9593214,44,44.38178262,727,34.1743512,-118.4791361,
19-04-07 11:13:14,133,116,116.0761192,44,44.77142179,734,34.1743256,-118.4791276,
19-04-07 11:13:15,134,116,116.0761192,44,44.77142179,734,34.1743256,-118.4791276,
19-04-07 11:13:15,134,114,114.9179827,45,45.13085189,751,34.1742457,-118.4791181,
19-04-07 11:13:15,134,118,118.4416048,45,45.13085189,755,34.1742195,-118.4791215,
19-04-07 11:13:15,134,118,118.4416048,46,46.78573345,755,34.1742195,-118.4791215,
19-04-07 11:13:15,134,118,118.4416048,46,46.74287442,755,34.1742195,-118.4791215,
19-04-07 11:13:16,135,120,120.4724448,45,45.55464875,760,34.17417,-118.4791377,
19-04-07 11:13:16,135,120,120.4724448,45,45.55464875,760,34.17417,-118.4791377,
19-04-07 11:13:16,135,120,120.4724448,45,45.55464875,760,34.17417,-118.4791377,
19-04-07 11:13:16,135,126,126.4238886,42,42.01656386,764,34.1741024,-118.4791759,
19-04-07 11:13:17,136,126,126.332025,42,42.01656386,764,34.1740816,-118.4791931,
19-04-07 11:13:17,136,126,126.332025,42,42.01656386,764,34.1740816,-118.4791931,
19-04-07 11:13:17,136,126,126.332025,42,42.01656386,764,34.1740816,-118.4791931,
19-04-07 11:13:17,136,126,126.9422613,41,41.47449323,757,34.1740144,-118.4792819,
19-04-07 11:13:17,136,126,126.9717888,41,41.66704284,753,34.1740035,-118.4793091,
19-04-07 11:13:18,137,126,126.9717888,40,40.28831383,753,34.1740035,-118.4793091,
19-04-07 11:13:18,137,127,127.4147022,40,40.49199276,740,34.1739784,-118.4793924,
19-04-07 11:13:18,137,127,127.4147022,40,40.49199276,740,34.1739784,-118.4793924,
19-04-07 11:13:18,137,127,127.4147022,40,40.49199276,740,34.1739784,-118.4793924,
19-04-07 11:13:19,138,126,126.8307127,43,43.3850052,722,34.1739693,-118.479482,
19-04-07 11:13:19,138,127,127.6837311,42,42.74931304,715,34.1739694,-118.4795125,
19-04-07 11:13:19,138,129,129.6391118,41,41.69447662,708,34.1739708,-118.479543,
19-04-07 11:13:19,138,127,127.460634,43,43.55483933,700,34.173973,-118.4795748,
19-04-07 11:13:19,138,124,124.570214,47,47.4886584,685,34.1739782,-118.4796387,
19-04-07 11:13:20,139,124,124.570214,47,47.4886584,685,34.1739782,-118.4796387,
19-04-07 11:13:20,139,119,119.6850432,48,48.28223561,677,34.1739817,-118.4796719,
19-04-07 11:13:20,139,118,118.1266442,48,48.28223561,668,34.1739864,-118.4797059,
19-04-07 11:13:20,139,116,116.7618148,53,53.37219709,659,34.1739918,-118.4797412,
19-04-07 11:13:21,140,113,113.9731008,56,56.70821754,641,34.1740044,-118.4798138,
19-04-07 11:13:21,140,110,110.6725757,56,56.70821754,631,34.1740117,-118.479851,
19-04-07 11:13:21,140,110,110.6725757,56,56.37607104,631,34.1740117,-118.479851,
19-04-07 11:13:21,140,106,106.0662764,53,53.56674291,602,34.1740349,-118.4799654,
19-04-07 11:13:21,140,104,104.3405545,55,55.59519072,592,34.1740446,-118.4800033,
19-04-07 11:13:22,141,104,104.3405545,55,55.59519072,592,34.1740446,-118.4800033,
19-04-07 11:13:22,141,100,100.6332053,58,58.84069346,582,34.1740555,-118.4800411,
19-04-07 11:13:22,141,104,104.7112894,57,57.97849425,561,34.174081,-118.4801134,
19-04-07 11:13:22,141,104,104.7112894,57,57.97849425,561,34.174081,-118.4801134,
19-04-07 11:13:23,142,104,104.7112894,55,55.83549913,561,34.174081,-118.4801134,
19-04-07 11:13:23,142,103,103.9599771,54,54.18610558,540,34.174111,-118.4801809,
19-04-07 11:13:23,142,105,105.5839929,54,54.62857544,507,34.1741661,-118.4802728,
19-04-07 11:13:23,142,103,103.1988222,50,50.87190576,496,34.1741871,-118.4803013,
19-04-07 11:13:23,142,103,103.1988222,50,50.87190576,496,34.1741871,-118.4803013,
19-04-07 11:13:24,143,102,102.6246752,51,51.6818406,485,34.1742102,-118.4803265,
19-04-07 11:13:24,143,103,103.1430479,54,54.01303622,473,34.174236,-118.4803478,
19-04-07 11:13:24,143,103,103.940292,55,55.12576267,450,34.1742896,-118.4803885,
19-04-07 11:13:24,143,103,103.3103708,54,54.96413239,439,34.1743173,-118.4804054,
19-04-07 11:13:25,144,101,101.3648326,55,55.22470326,428,34.1743456,-118.4804221,
19-04-07 11:13:25,144,94,94.04855944,56,56.20537334,417,34.1743751,-118.4804372,
19-04-07 11:13:25,144,91,91.72244388,57,57.93402074,394,34.1744356,-118.4804646,
19-04-07 11:13:25,144,96,96.74869076,58,58.25644902,383,34.1744652,-118.4804779,
19-04-07 11:13:25,144,96,96.74869076,58,58.25644902,383,34.1744652,-118.4804779,
19-04-07 11:13:26,145,106,106.0925231,57,57.14971119,372,34.1744937,-118.480492,
19-04-07 11:13:26,145,109,109.4849116,55,55.93756857,372,34.1745217,-118.4805072,CDAs were dropped
19-04-07 11:13:26,145,109,109.4849116,55,55.93756857,361,34.1745217,-118.4805072,
19-04-07 11:13:26,145,106,106.9258564,57,57.39872408,340,34.1745779,-118.4805375,
19-04-07 11:13:26,145,106,106.7782186,57,57.39872408,329,34.1746058,-118.4805531,
19-04-07 11:13:27,146,106,106.1581399,58,58.61862,318,34.1746336,-118.4805699,
19-04-07 11:13:27,146,105,105.5741504,58,58.61862,296,34.1746899,-118.4806031,
19-04-07 11:13:27,146,105,105.5741504,57,57.55929681,296,34.1746899,-118.4806031,
19-04-07 11:13:27,146,110,110.3116833,57,57.55929681,285,34.1747181,-118.4806202,
19-04-07 11:13:27,146,111,111.1745442,57,57.71328017,274,34.1747468,-118.4806374,
19-04-07 11:13:28,147,106,106.9652265,61,61.27880823,262,34.1747757,-118.4806542,
19-04-07 11:13:28,147,102,102.8280873,61,61.27880823,240,34.1748345,-118.4806884,
19-04-07 11:13:28,147,102,102.8280873,61,61.27880823,240,34.1748345,-118.4806884,CDAs were dropped
19-04-07 11:13:28,147,102,102.8280873,61,61.27880823,240,34.1748345,-118.4806884,
19-04-07 11:13:28,147,99,99.74081684,60,60.82248382,229,34.1748644,-118.480704,
19-04-07 11:13:29,148,98,98.6220504,60,60.44190267,218,34.1748949,-118.4807201,
19-04-07 11:13:29,148,95,95.28215528,61,61.08097087,196,34.1749577,-118.4807517,
19-04-07 11:13:29,148,85,85.7447534,61,61.08097087,185,34.1749894,-118.4807665,
19-04-07 11:13:29,148,89,89.1076144,62,62.50409829,175,34.1750213,-118.4807806,
19-04-07 11:13:29,148,91,91.84383496,62,62.50409829,165,34.1750518,-118.4807944,
19-04-07 11:13:30,149,95,95.60695844,61,61.17558112,147,34.1751111,-118.4808226,
19-04-07 11:13:30,149,94,94.39304764,58,58.44708377,138,34.1751391,-118.480838,
19-04-07 11:13:30,149,94,94.39304764,56,56.5260745,138,34.1751391,-118.480838,
19-04-07 11:13:30,149,94,94.39304764,56,56.5260745,138,34.1751391,-118.480838,
19-04-07 11:13:31,150,103,103.8877986,52,52.59736172,116,34.175215,-118.4808851,
19-04-07 11:13:31,150,103,103.8877986,52,52.59736172,116,34.175215,-118.4808851,
19-04-07 11:13:31,150,109,109.2060402,48,48.04751532,103,34.1752623,-118.4809164,
19-04-07 11:13:31,150,109,109.2060402,48,48.04751532,103,34.1752623,-118.4809164,
19-04-07 11:13:31,150,110,110.0426544,48,48.11350596,89,34.1753307,-118.4809642,
19-04-07 11:13:32,151,110,110.0426544,46,46.06361299,89,34.1753307,-118.4809642,
19-04-07 11:13:32,151,108,108.2906859,46,46.45061767,86,34.1753531,-118.4809796,
19-04-07 11:13:32,151,109,109.5964602,46,46.42228278,84,34.1753754,-118.4809948,
19-04-07 11:13:32,151,106,106.8799247,46,46.46559236,82,34.1753976,-118.4810098,
19-04-07 11:13:33,152,109,109.744098,46,46.46559236,84,34.1754417,-118.4810396,
19-04-07 11:13:33,152,109,109.744098,45,45.70994624,84,34.1754417,-118.4810396,
19-04-07 11:13:33,152,110,110.3674576,45,45.76399091,86,34.1754638,-118.4810539,
19-04-07 11:13:33,152,111,111.5059091,44,44.34279711,93,34.1755083,-118.48108,
19-04-07 11:13:33,152,111,111.0137831,44,44.34279711,98,34.1755307,-118.4810915,
19-04-07 11:13:34,153,111,111.0137831,43,43.29448435,98,34.1755307,-118.4810915,
19-04-07 11:13:34,153,111,111.3123395,43,43.29448435,104,34.1755534,-118.4811027,
19-04-07 11:13:34,153,111,111.3123395,43,43.29448435,104,34.1755534,-118.4811027,
19-04-07 11:13:34,153,116,116.04003,41,41.82210253,123,34.1756206,-118.4811297,
19-04-07 11:13:34,153,113,113.7401611,42,42.06815238,138,34.1756655,-118.4811432,
19-04-07 11:13:35,154,113,113.7401611,42,42.06815238,138,34.1756655,-118.4811432,
19-04-07 11:13:35,154,112,112.3786125,43,43.03145421,154,34.175712,-118.4811554,
19-04-07 11:13:35,154,109,109.1240192,43,43.94331144,162,34.1757359,-118.4811605,
19-04-07 11:13:35,154,107,107.631237,44,44.40950739,170,34.1757602,-118.4811648,
19-04-07 11:13:36,155,105,105.7677199,46,46.01234361,179,34.1757849,-118.481168,
19-04-07 11:13:36,155,105,105.7677199,46,46.67053535,179,34.1757849,-118.481168,
19-04-07 11:13:36,155,107,107.631237,47,47.7936183,197,34.1758349,-118.4811716,
19-04-07 11:13:36,155,106,106.7880612,49,49.31716313,206,34.1758608,-118.4811726,
19-04-07 11:13:36,155,103,103.6089272,50,50.01199687,216,34.1758872,-118.4811734,
19-04-07 11:13:37,156,101,101.6601082,50,50.01199687,226,34.1759147,-118.4811744,
19-04-07 11:13:37,156,98,98.00853332,51,51.39163324,246,34.175971,-118.4811765,
19-04-07 11:13:37,156,94,94.3733626,53,53.69834246,257,34.1760007,-118.4811781,
19-04-07 11:13:37,156,94,94.3733626,55,55.68078362,257,34.1760007,-118.4811781,
19-04-07 11:13:38,157,91,91.75197144,56,56.99090314,268,34.1760318,-118.481181,
19-04-07 11:13:38,157,91,91.07283756,56,56.99090314,290,34.176094,-118.4811877,
19-04-07 11:13:38,157,89,89.1732312,56,56.3770973,302,34.1761259,-118.4811914,
19-04-07 11:13:38,157,88,88.55315244,56,56.3770973,313,34.176158,-118.4811949,
19-04-07 11:13:38,157,88,88.56299496,56,56.99453261,325,34.1761899,-118.4811993,
19-04-07 11:13:39,158,92,92.38189272,56,56.58686186,348,34.1762534,-118.4812073,
19-04-07 11:13:39,158,92,92.38189272,56,56.58686186,348,34.1762534,-118.4812073,
19-04-07 11:13:39,158,96,96.77493748,56,56.56932777,359,34.1762847,-118.4812116,
19-04-07 11:13:39,158,95,95.77428128,55,55.96011509,393,34.1763776,-118.481224,
19-04-07 11:13:40,159,95,95.77428128,55,55.96011509,393,34.1763776,-118.481224,
19-04-07 11:13:40,159,96,96.04331016,55,55.19965992,404,34.176408,-118.4812281,
19-04-07 11:13:40,159,97,97.43438632,55,55.22446546,415,34.1764381,-118.481233,
19-04-07 11:13:40,159,97,97.43438632,55,55.22446546,415,34.1764381,-118.481233,
19-04-07 11:13:40,159,99,99.89173548,54,54.06046337,437,34.1764981,-118.4812419,
19-04-07 11:13:41,160,99,99.7047276,54,54.04465641,447,34.1765278,-118.4812471,
19-04-07 11:13:41,160,97,97.5065648,52,52.18616162,480,34.1766168,-118.4812643,
19-04-07 11:13:41,160,97,97.5065648,52,52.18616162,480,34.1766168,-118.4812643,
19-04-07 11:13:41,160,97,97.73950444,52,52.40369824,491,34.1766463,-118.4812707,
19-04-07 11:13:42,161,99,99.7703444,52,52.1581271,501,34.176676,-118.4812778,
19-04-07 11:13:42,161,101,101.030187,51,51.68011348,523,34.1767353,-118.4812948,
19-04-07 11:13:42,161,99,99.16666984,53,53.1339725,534,34.1767652,-118.4813043,
19-04-07 11:13:42,161,99,99.16666984,53,53.1339725,534,34.1767652,-118.4813043,
19-04-07 11:13:42,161,98,98.79593492,54,54.67403767,545,34.1767947,-118.4813139,
19-04-07 11:13:43,162,94,94.652234,56,56.62413901,556,34.1768249,-118.4813243,
19-04-07 11:13:43,162,93,93.78937308,58,58.28861363,578,34.176886,-118.4813471,
19-04-07 11:13:43,162,90,90.82349372,58,58.28861363,590,34.1769167,-118.481359,
19-04-07 11:13:43,162,90,90.82349372,57,57.24082339,590,34.1769167,-118.481359,
19-04-07 11:13:43,162,88,88.82218132,58,58.08860484,601,34.1769476,-118.4813722,
19-04-07 11:13:44,163,88,88.82218132,58,58.08860484,601,34.1769476,-118.4813722,
19-04-07 11:13:44,163,90,90.00656456,59,59.62806928,624,34.1770097,-118.4814018,
19-04-07 11:13:44,163,90,90.00656456,59,59.62806928,624,34.1770097,-118.4814018,
19-04-07 11:13:44,163,95,95.23622352,59,59.58066715,659,34.177101,-118.4814487,
19-04-07 11:13:45,164,95,95.23622352,59,59.58066715,659,34.177101,-118.4814487,
19-04-07 11:13:45,164,91,91.28609216,58,58.50783358,693,34.1771913,-118.4814983,
19-04-07 11:13:45,164,91,91.28609216,59,59.27219981,693,34.1771913,-118.4814983,
19-04-07 11:13:45,164,92,92.98228644,59,59.27219981,704,34.1772212,-118.4815146,
19-04-07 11:13:45,164,97,97.02428132,60,60.3538943,716,34.177251,-118.481532,
19-04-07 11:13:46,165,96,96.77493748,61,61.01679809,727,34.1772806,-118.4815492,
19-04-07 11:13:46,165,97,97.80512124,61,61.01679809,750,34.1773404,-118.4815837,
19-04-07 11:13:46,165,97,97.80512124,61,61.01679809,750,34.1773404,-118.4815837,
19-04-07 11:13:46,165,97,97.41470128,60,60.83678268,761,34.1773706,-118.4816016,
19-04-07 11:13:46,165,97,97.41470128,59,59.53333387,761,34.1773706,-118.4816016,
19-04-07 11:13:47,166,97,97.41470128,59,59.53333387,761,34.1773706,-118.4816016,
19-04-07 11:13:47,166,97,97.41470128,59,59.53333387,761,34.1773706,-118.4816016,
19-04-07 11:13:47,166,97,97.41470128,61,61.60245677,761,34.1773706,-118.4816016,
19-04-07 11:13:47,166,99,99.409452,59,59.26413363,829,34.1775449,-118.4817142,
19-04-07 11:13:48,167,100,100.4658825,59,59.26413363,840,34.1775722,-118.4817365,
19-04-07 11:13:48,167,102,102.1522342,59,59.12379832,862,34.1776244,-118.4817858,
19-04-07 11:13:48,167,102,102.1522342,59,59.12379832,862,34.1776244,-118.4817858,
19-04-07 11:13:48,167,107,107.9461977,57,57.11864169,872,34.1776489,-118.4818118,
19-04-07 11:13:48,167,101,101.6896358,57,57.11864169,882,34.1776732,-118.4818377,
19-04-07 11:13:49,168,101,101.6896358,57,57.11326006,882,34.1776732,-118.4818377,
19-04-07 11:13:49,168,101,101.6896358,57,57.11326006,882,34.1776732,-118.4818377,
19-04-07 11:13:49,168,94,94.87533112,58,58.99484578,920,34.1777569,-118.4819599,
19-04-07 11:13:49,168,100,100.4101082,58,58.90199394,928,34.1777725,-118.4819955,
19-04-07 11:13:50,169,100,100.4101082,58,58.90199394,928,34.1777725,-118.4819955,
19-04-07 11:13:50,169,98,98.9829428,58,58.47578161,935,34.1777841,-118.4820332,
19-04-07 11:13:50,169,98,98.28740472,58,58.44770954,948,34.1778046,-118.4821093,
19-04-07 11:13:50,169,95,95.13451748,56,56.01413786,953,34.1778107,-118.482148,
19-04-07 11:13:50,169,97,97.9986908,53,53.45886006,958,34.1778132,-118.4821871,
19-04-07 11:13:51,170,102,102.1063025,53,53.5263369,964,34.1778111,-118.4822645,
19-04-07 11:13:51,170,102,102.1063025,53,53.5263369,964,34.1778111,-118.4822645,
19-04-07 11:13:51,170,102,102.1063025,53,53.5263369,964,34.1778111,-118.4822645,
19-04-07 11:13:51,170,102,102.1063025,53,53.5263369,964,34.1778111,-118.4822645,
19-04-07 11:13:52,171,102,102.1063025,53,53.5263369,964,34.1778111,-118.4822645,
19-04-07 11:13:52,171,102,102.1063025,53,53.5263369,964,34.1778111,-118.4822645,
19-04-07 11:13:52,171,100,100.3641764,53,53.5263369,974,34.177772,-118.4824846,
19-04-07 11:13:52,171,100,100.3641764,53,53.5263369,974,34.177772,-118.4824846,
19-04-07 11:13:52,171,100,100.3641764,53,53.5263369,974,34.177772,-118.4824846,
19-04-07 11:13:53,172,100,100.3641764,53,53.5263369,974,34.177772,-118.4824846,
19-04-07 11:13:53,172,100,100.3641764,53,53.5263369,974,34.177772,-118.4824846,
19-04-07 11:13:53,172,97,97.25722096,57,57.93668652,974,34.177696,-118.4826859,
19-04-07 11:13:53,172,97,97.25722096,56,56.62146071,974,34.177696,-118.4826859,
19-04-07 11:13:54,173,94,94.70800828,53,53.99079633,972,34.1776791,-118.4827159,
19-04-07 11:13:54,173,89,89.41601336,52,52.23923635,969,34.1776432,-118.4827746,
19-04-07 11:13:54,173,87,87.106302,52,52.23923635,966,34.1776224,-118.4828011,
19-04-07 11:13:54,173,90,90.62008164,52,52.91719931,962,34.1775995,-118.4828238,
19-04-07 11:13:54,173,90,90.62008164,52,52.8916053,962,34.1775995,-118.4828238,
19-04-07 11:13:55,174,90,90.76771944,52,52.8916053,954,34.1775534,-118.4828669,
19-04-07 11:13:55,174,87,87.48687944,52,52.8916053,950,34.1775293,-118.4828864,
19-04-07 11:13:55,174,82,82.72966144,52,52.7131543,945,34.1775048,-118.4829046,
19-04-07 11:13:55,174,83,83.21194492,52,52.7131543,940,34.1774787,-118.4829201,
19-04-07 11:13:55,174,85,85.00328356,52,52.62135376,928,34.1774265,-118.4829474,
19-04-07 11:13:56,175,85,85.00328356,53,53.2048723,928,34.1774265,-118.4829474,
19-04-07 11:13:56,175,79,79.8392414,52,52.78058108,915,34.1773719,-118.4829688,
19-04-07 11:13:56,175,79,79.8392414,53,53.44262757,915,34.1773719,-118.4829688,
19-04-07 11:13:56,175,75,75.43307328,53,53.44262757,902,34.1773163,-118.4829877,
19-04-07 11:13:57,176,73,73.96981864,52,52.86358955,895,34.1772876,-118.4829942,
19-04-07 11:13:57,176,73,73.96981864,52,52.86358955,895,34.1772876,-118.4829942,
19-04-07 11:13:57,176,77,77.427824,53,53.01843648,879,34.1772299,-118.4830008,
19-04-07 11:13:57,176,74,74.67519924,52,52.79264594,863,34.1771721,-118.4830039,
19-04-07 11:13:57,176,74,74.88845384,52,52.97593414,854,34.1771437,-118.4830027,
19-04-07 11:13:58,177,73,73.90420184,51,51.87340462,846,34.1771157,-118.4830006,
19-04-07 11:13:58,177,73,73.90420184,52,52.15524855,846,34.1771157,-118.4830006,
19-04-07 11:13:58,177,68,68.8320232,51,51.35203135,838,34.1770875,-118.4829983,
19-04-07 11:13:58,177,67,67.6181124,51,51.35203135,821,34.1770323,-118.4829919,
19-04-07 11:13:59,178,63,63.74344036,50,50.3368594,812,34.1770052,-118.4829875,
19-04-07 11:13:59,178,63,63.74344036,50,50.3368594,812,34.1770052,-118.4829875,
19-04-07 11:13:59,178,60,60.10826964,49,49.17240989,795,34.1769518,-118.4829768,
19-04-07 11:13:59,178,59,59.17323024,48,48.80971952,778,34.1768992,-118.4829638,
19-04-07 11:13:59,178,59,59.17323024,49,49.29596828,778,34.1768992,-118.4829638,
19-04-07 11:14:00,179,59,59.17323024,49,49.29596828,778,34.1768992,-118.4829638,
19-04-07 11:14:00,179,59,59.17323024,49,49.29596828,778,34.1768992,-118.4829638,
19-04-07 11:14:00,179,59,59.17323024,49,49.29596828,778,34.1768992,-118.4829638,
19-04-07 11:14:00,179,59,59.17323024,49,49.29596828,778,34.1768992,-118.4829638,
19-04-07 11:14:01,180,59,59.17323024,49,49.29596828,778,34.1768992,-118.4829638,
19-04-07 11:14:01,180,37,37.60826892,50,50.25847851,716,34.1767195,-118.4828925,
19-04-07 11:14:01,180,40,40.90223228,50,50.25847851,697,34.1766681,-118.4828652,
19-04-07 11:14:01,180,40,40.90223228,50,50.25847851,697,34.1766681,-118.4828652,
19-04-07 11:14:01,180,40,40.90223228,50,50.25847851,697,34.1766681,-118.4828652,
19-04-07 11:14:02,181,40,40.90223228,50,50.25847851,697,34.1766681,-118.4828652,
19-04-07 11:14:02,181,40,40.90223228,50,50.25847851,697,34.1766681,-118.4828652,
19-04-07 11:14:02,181,40,40.90223228,50,50.25847851,697,34.1766681,-118.4828652,
19-04-07 11:14:02,181,40,40.90223228,50,50.25847851,697,34.1766681,-118.4828652,
19-04-07 11:14:02,181,40,40.90223228,50,50.25847851,697,34.1766681,-118.4828652,
19-04-07 11:14:03,182,35,35.11483052,50,50.44213592,607,34.1764531,-118.4827025,
19-04-07 11:14:03,182,35,35.11483052,50,50.44213592,607,34.1764531,-118.4827025,
19-04-07 11:14:03,182,35,35.11483052,50,50.44213592,607,34.1764531,-118.4827025,
19-04-07 11:14:03,182,35,35.11483052,50,50.44213592,607,34.1764531,-118.4827025,
19-04-07 11:14:04,183,29,29.65551276,49,49.4068298,587,34.1764083,-118.4826627,
19-04-07 11:14:04,183,29,29.65551276,49,49.4068298,587,34.1764083,-118.4826627,
19-04-07 11:14:04,183,32,32.04724512,49,49.4068298,557,34.1763411,-118.482603,
19-04-07 11:14:04,183,32,32.04724512,49,49.4068298,557,34.1763411,-118.482603,
19-04-07 11:14:04,183,32,32.04724512,49,49.4068298,557,34.1763411,-118.482603,
19-04-07 11:14:05,184,23,23.37926584,49,49.4068298,528,34.1762752,-118.4825471,
19-04-07 11:14:05,184,23,23.37926584,44,44.33671775,528,34.1762752,-118.4825471,
19-04-07 11:14:05,184,26,26.16141816,45,45.31937466,500,34.1762106,-118.4824927,
19-04-07 11:14:05,184,26,26.16141816,43,43.18698636,500,34.1762106,-118.4824927,
19-04-07 11:14:06,185,26,26.16141816,43,43.18698636,500,34.1762106,-118.4824927,
19-04-07 11:14:06,185,26,26.16141816,43,43.18698636,500,34.1762106,-118.4824927,
19-04-07 11:14:06,185,26,26.16141816,43,43.18698636,500,34.1762106,-118.4824927,
19-04-07 11:14:06,185,26,26.16141816,43,43.18698636,500,34.1762106,-118.4824927,
19-04-07 11:14:06,185,14,14.7473758,40,40.16763398,455,34.1761076,-118.4824038,
19-04-07 11:14:07,186,15,15.75787452,41,41.06120932,438,34.1760668,-118.4823695,
19-04-07 11:14:07,186,15,15.75787452,41,41.06120932,438,34.1760668,-118.4823695,
19-04-07 11:14:07,186,15,15.75787452,41,41.06120932,438,34.1760668,-118.4823695,
19-04-07 11:14:07,186,15,15.75787452,41,41.06120932,438,34.1760668,-118.4823695,
19-04-07 11:14:07,186,15,15.75787452,41,41.52551544,438,34.1760668,-118.4823695,
19-04-07 11:14:08,187,15,15.75787452,41,41.52551544,438,34.1760668,-118.4823695,
19-04-07 11:14:08,187,15,15.75787452,41,41.52551544,438,34.1760668,-118.4823695,
19-04-07 11:14:08,187,6,6.17126004,40,40.76980361,372,34.1759054,-118.4822469,
19-04-07 11:14:08,187,6,6.17126004,40,40.76980361,372,34.1759054,-118.4822469,
19-04-07 11:14:09,188,6,6.17126004,40,40.76980361,372,34.1759054,-118.4822469,
19-04-07 11:14:09,188,6,6.17126004,40,40.76980361,372,34.1759054,-118.4822469,
19-04-07 11:14:09,188,6,6.17126004,40,40.76980361,372,34.1759054,-118.4822469,
19-04-07 11:14:09,188,1,1.99146988,42,42.61417475,328,34.1757894,-118.4821644,
19-04-07 11:14:09,188,1,1.99146988,42,42.61417475,328,34.1757894,-118.4821644,
19-04-07 11:14:10,189,1,1.94553812,42,42.83555986,320,34.1757706,-118.482151,
19-04-07 11:14:10,189,1,1.94553812,42,42.83555986,320,34.1757706,-118.482151,
19-04-07 11:14:10,189,1,1.94553812,42,42.83555986,320,34.1757706,-118.482151,
19-04-07 11:14:10,189,1,1.97178484,42,42.36949846,293,34.1756982,-118.4820959,
19-04-07 11:14:10,189,0,0.38713912,38,38.16434214,286,34.1756816,-118.4820813,
19-04-07 11:14:11,190,-3,-3.52034132,37,37.3769319,279,34.1756652,-118.4820657,
19-04-07 11:14:11,190,-3,-3.52034132,37,37.04653443,279,34.1756652,-118.4820657,
19-04-07 11:14:11,190,-4,-4.61614188,36,36.60126425,265,34.1756323,-118.4820353,
19-04-07 11:14:11,190,-4,-4.02230984,36,36.60126425,258,34.1756157,-118.4820206,
19-04-07 11:14:12,191,-4,-4.02230984,36,36.60126425,258,34.1756157,-118.4820206,
19-04-07 11:14:12,191,-5,-5.87598444,34,34.82781169,245,34.1755829,-118.4819906,
19-04-07 11:14:12,191,-5,-5.87598444,32,33.00037702,245,34.1755829,-118.4819906,
19-04-07 11:14:12,191,-8,-8.63845172,32,33.00037702,227,34.1755336,-118.4819511,
19-04-07 11:14:12,191,-7,-7.6935698,42,42.18315337,221,34.1755172,-118.4819391,
19-04-07 11:14:13,192,-8,-8.95341236,38,38.45547564,216,34.1755006,-118.4819281,
19-04-07 11:14:13,192,-8,-8.95341236,38,38.45547564,216,34.1755006,-118.4819281,
19-04-07 11:14:13,192,-9,-9.28805804,35,35.59818845,206,34.1754677,-118.481908,
19-04-07 11:14:13,192,-8,-8.8254596,33,33.41138,202,34.1754516,-118.4818988,
19-04-07 11:14:14,193,-8,-8.51049896,32,32.32835888,198,34.1754358,-118.48189,
19-04-07 11:14:14,193,-8,-8.51049896,32,32.32835888,198,34.1754358,-118.48189,
19-04-07 11:14:14,193,-8,-8.51049896,30,30.57040665,198,34.1754358,-118.48189,
19-04-07 11:14:14,193,-8,-8.51049896,30,30.57040665,198,34.1754358,-118.48189,
19-04-07 11:14:14,193,-8,-8.51049896,30,30.57040665,198,34.1754358,-118.48189,
19-04-07 11:14:15,194,-8,-8.51049896,30,30.57040665,198,34.1754358,-118.48189,
19-04-07 11:14:15,194,-8,-8.15616824,26,26.80618392,178,34.1753482,-118.4818427,
19-04-07 11:14:15,194,-8,-8.15616824,26,26.80618392,178,34.1753482,-118.4818427,
19-04-07 11:14:15,194,-8,-8.15616824,26,26.80618392,178,34.1753482,-118.4818427,
19-04-07 11:14:16,195,-8,-8.15616824,26,26.80618392,178,34.1753482,-118.4818427,
19-04-07 11:14:16,195,-9,-9.14042024,22,22.64062167,164,34.1752892,-118.4817998,
19-04-07 11:14:16,195,-8,-8.5465882,22,22.64062167,159,34.1752686,-118.4817823,
19-04-07 11:14:16,195,-8,-8.5465882,22,22.00959932,159,34.1752686,-118.4817823,
19-04-07 11:14:16,195,-8,-8.5465882,21,21.41625618,159,34.1752686,-118.4817823,
19-04-07 11:14:17,196,-9,-9.268373,19,19.55181032,154,34.1752501,-118.4817647,
19-04-07 11:14:17,196,-8,-8.17585328,18,18.83619005,152,34.1752416,-118.4817559,
19-04-07 11:14:17,196,-8,-8.45472468,18,18.45930564,148,34.1752264,-118.4817383,
19-04-07 11:14:17,196,-7,-7.89698188,18,18.45930564,146,34.1752193,-118.4817296,
19-04-07 11:14:18,197,-7,-7.21128632,17,17.72631554,143,34.1752131,-118.4817209,
19-04-07 11:14:18,197,-7,-7.21128632,16,16.51720791,143,34.1752131,-118.4817209,
19-04-07 11:14:18,197,-6,-6.35826792,16,16.43378174,138,34.1751957,-118.4816965,
19-04-07 11:14:18,197,-6,-6.35826792,16,16.43378174,138,34.1751957,-118.4816965,
19-04-07 11:14:18,197,-5,-5.58070884,15,15.91135874,136,34.1751904,-118.4816885,
19-04-07 11:14:19,198,-5,-5.413386,14,14.6653635,134,34.1751856,-118.4816807,
19-04-07 11:14:19,198,-5,-5.72834664,13,13.91157592,131,34.1751762,-118.4816671,
19-04-07 11:14:19,198,-5,-5.72834664,13,13.14462525,131,34.1751762,-118.4816671,
19-04-07 11:14:19,198,-5,-5.72834664,13,13.14462525,131,34.1751762,-118.4816671,
19-04-07 11:14:20,199,-5,-5.72834664,13,13.14462525,131,34.1751762,-118.4816671,
19-04-07 11:14:20,199,-5,-5.72834664,13,13.14462525,131,34.1751762,-118.4816671,
19-04-07 11:14:20,199,-5,-5.52493456,10,10.74425695,127,34.1751547,-118.4816394,
19-04-07 11:14:20,199,-4,-4.9868768,10,10.03939133,127,34.1751513,-118.4816347,
19-04-07 11:14:20,199,-4,-4.9868768,10,10.03939133,126,34.1751513,-118.4816347,
19-04-07 11:14:21,200,-5,-5.09842536,8,8.946706747,124,34.1751412,-118.4816233,
19-04-07 11:14:21,200,-5,-5.09842536,8,8.883338872,124,34.1751412,-118.4816233,
19-04-07 11:14:21,200,-5,-5.09842536,8,8.883338872,124,34.1751412,-118.4816233,
19-04-07 11:14:21,200,-5,-5.5610238,8,8.335114574,124,34.1751339,-118.4816177,
19-04-07 11:14:22,201,-5,-5.5610238,7,7.782421493,124,34.1751339,-118.4816177,
19-04-07 11:14:22,201,-5,-5.7086616,7,7.782421493,124,34.1751242,-118.4816094,
19-04-07 11:14:22,201,-5,-5.7086616,6,6.694396551,124,34.1751242,-118.4816094,
19-04-07 11:14:22,201,-5,-5.7086616,6,6.694396551,124,34.1751242,-118.4816094,
19-04-07 11:14:22,201,-5,-5.02296604,6,6.276306328,123,34.1751184,-118.4816044,
19-04-07 11:14:23,202,-5,-5.02296604,5,5.110973299,123,34.1751131,-118.4816,
19-04-07 11:14:23,202,-4,-4.78346472,5,5.110973299,123,34.1751084,-118.4815971,
19-04-07 11:14:23,202,-4,-4.78346472,4,4.754620426,123,34.1751084,-118.4815971,
19-04-07 11:14:23,202,-4,-4.72769044,3,3.808640711,124,34.1751068,-118.4815964,
19-04-07 11:14:23,202,-4,-4.72769044,2,2.838829892,124,34.1751036,-118.4815965,
19-04-07 11:14:24,203,-4,-4.79986892,2,2.838829892,125,34.1751023,-118.481597,
19-04-07 11:14:24,203,-4,-4.79986892,1,1.911815327,125,34.1751023,-118.481597,
19-04-07 11:14:24,203,-4,-4.79986892,1,1.911815327,125,34.1751023,-118.481597,
19-04-07 11:14:25,204,-4,-4.79986892,1,1.911815327,125,34.1751023,-118.481597,
19-04-07 11:14:25,204,-4,-4.79986892,1,1.911815327,125,34.1751023,-118.481597,
19-04-07 11:14:25,204,-4,-4.8556432,1,1.48675529,127,34.1750968,-118.4816004,
19-04-07 11:14:25,204,-4,-4.8556432,1,1.356686629,127,34.1750956,-118.4816006,
19-04-07 11:14:26,205,-4,-4.8556432,1,1.356686629,127,34.1750956,-118.4816006,